index,name,formula,mz,rt
1,glucose M0,C6H12O6,179.056,7.51
2,glucose M1,C6H12O6,180.059355,7.51
3,glucose M2,C6H12O6,181.06271,7.51
4,glucose M3,C6H12O6,182.066065,7.51
5,glucose M4,C6H12O6,183.06942,7.51
6,glucose M5,C6H12O6,184.072775,7.51
7,glucose M6,C6H12O6,185.07613,7.51
8,malate M0,C4H6O5,133.014,9.05
9,malate M1,C4H6O5,134.017355,9.05
10,malate M2,C4H6O5,135.02071,9.05
11,malate M3,C4H6O5,136.024065,9.05
12,malate M4,C4H6O5,137.02742,9.05
13,succinate M0,C4H6O4,117.019,8.5
14,succinate M1,C4H6O4,118.022355,8.5
15,succinate M2,C4H6O4,119.02571,8.5
16,succinate M3,C4H6O4,120.029065,8.5
17,succinate M4,C4H6O4,121.03242,8.5
18,aspartate M0,C4H7NO4,132.03,8.09
19,aspartate M1,C4H7NO4,133.033355,8.09
20,aspartate M2,C4H7NO4,134.03671,8.09
21,aspartate M3,C4H7NO4,135.040065,8.09
22,aspartate M4,C4H7NO4,136.04342,8.09
23,glutamine M0,C5H10N2O3,145.062,7.29
24,glutamine M1,C5H10N2O3,146.065355,7.29
25,glutamine M2,C5H10N2O3,147.06871,7.29
26,glutamine M3,C5H10N2O3,148.072065,7.29
27,glutamine M4,C5H10N2O3,149.07542,7.29
28,glutamine M5,C5H10N2O3,150.078775,7.29
29,histidine M0,C6H9N3O2,154.062,6.86
30,histidine M1,C6H9N3O2,155.065355,6.86
31,histidine M2,C6H9N3O2,156.06871,6.86
32,histidine M3,C6H9N3O2,157.072065,6.86
33,histidine M4,C6H9N3O2,158.07542,6.86
34,histidine M5,C6H9N3O2,159.078775,6.86
35,histidine M6,C6H9N3O2,160.08213,6.86
36,cysteine M0,C3H7NO2S,120.012,8.84
37,cysteine M1,C3H7NO2S,121.015355,8.84
38,cysteine M2,C3H7NO2S,122.01871,8.84
39,cysteine M3,C3H7NO2S,123.022065,8.84
40,glutamate M0,C5H9NO4,146.046,7.86
41,glutamate M1,C5H9NO4,147.049355,7.86
42,glutamate M2,C5H9NO4,148.05271,7.86
43,glutamate M3,C5H9NO4,149.056065,7.86
44,glutamate M4,C5H9NO4,150.05942,7.86
45,glutamate M5,C5H9NO4,151.062775,7.86
46,tyrosine M0,C9H11NO3,180.067,5.86
47,tyrosine M1,C9H11NO3,181.070355,5.86
48,tyrosine M2,C9H11NO3,182.07371,5.86
49,tyrosine M3,C9H11NO3,183.077065,5.86
50,tyrosine M4,C9H11NO3,184.08042,5.86
51,tyrosine M5,C9H11NO3,185.083775,5.86
52,tyrosine M6,C9H11NO3,186.08713,5.86
53,tyrosine M7,C9H11NO3,187.090485,5.86
54,tyrosine M8,C9H11NO3,188.09384,5.86
55,tyrosine M9,C9H11NO3,189.097195,5.86
56,tryptophan M0,C11H12N2O2,203.083,5.04
57,tryptophan M1,C11H12N2O2,204.086355,5.04
58,tryptophan M2,C11H12N2O2,205.08971,5.04
59,tryptophan M3,C11H12N2O2,206.093065,5.04
60,tryptophan M4,C11H12N2O2,207.09642,5.04
61,tryptophan M5,C11H12N2O2,208.099775,5.04
62,tryptophan M6,C11H12N2O2,209.10313,5.04
63,tryptophan M7,C11H12N2O2,210.106485,5.04
64,tryptophan M8,C11H12N2O2,211.10984,5.04
65,tryptophan M9,C11H12N2O2,212.113195,5.04
66,tryptophan M10,C11H12N2O2,213.11655,5.04
67,tryptophan M11,C11H12N2O2,214.119905,5.04
68,sedoheptulose-7-phosphate M0,C7H15O10P,289.033,9.36
69,sedoheptulose-7-phosphate M1,C7H15O10P,290.036355,9.36
70,sedoheptulose-7-phosphate M2,C7H15O10P,291.03971,9.36
71,sedoheptulose-7-phosphate M3,C7H15O10P,292.043065,9.36
72,sedoheptulose-7-phosphate M4,C7H15O10P,293.04642,9.36
73,sedoheptulose-7-phosphate M5,C7H15O10P,294.049775,9.36
74,sedoheptulose-7-phosphate M6,C7H15O10P,295.05313,9.36
75,sedoheptulose-7-phosphate M7,C7H15O10P,296.056485,9.36
76,ATP M0,C10H16N5O13P3,505.988,9.73
77,ATP M1,C10H16N5O13P3,506.991355,9.73
78,ATP M2,C10H16N5O13P3,507.99471,9.73
79,ATP M3,C10H16N5O13P3,508.998065,9.73
80,ATP M4,C10H16N5O13P3,510.00142,9.73
81,ATP M5,C10H16N5O13P3,511.004775,9.73
82,ATP M6,C10H16N5O13P3,512.00813,9.73
83,ATP M7,C10H16N5O13P3,513.0114850000001,9.73
84,ATP M8,C10H16N5O13P3,514.0148400000002,9.73
85,ATP M9,C10H16N5O13P3,515.0181950000002,9.73
86,ATP M10,C10H16N5O13P3,516.0215500000003,9.73
87,ADP M0,C10H15N5O10P2,426.022,8.8
88,ADP M1,C10H15N5O10P2,427.025355,8.8
89,ADP M2,C10H15N5O10P2,428.02871,8.8
90,ADP M3,C10H15N5O10P2,429.032065,8.8
91,ADP M4,C10H15N5O10P2,430.03542,8.8
92,ADP M5,C10H15N5O10P2,431.038775,8.8
93,ADP M6,C10H15N5O10P2,432.04213,8.8
94,ADP M7,C10H15N5O10P2,433.045485,8.8
95,ADP M8,C10H15N5O10P2,434.04884,8.8
96,ADP M9,C10H15N5O10P2,435.052195,8.8
97,ADP M10,C10H15N5O10P2,436.05555,8.8
98,AMP M0,C10H14N5O7P,346.056,7.71
99,AMP M1,C10H14N5O7P,347.059355,7.71
100,AMP M2,C10H14N5O7P,348.06271,7.71
101,AMP M3,C10H14N5O7P,349.066065,7.71
102,AMP M4,C10H14N5O7P,350.06942,7.71
103,AMP M5,C10H14N5O7P,351.072775,7.71
104,AMP M6,C10H14N5O7P,352.07613,7.71
105,AMP M7,C10H14N5O7P,353.079485,7.71
106,AMP M8,C10H14N5O7P,354.08284,7.71
107,AMP M9,C10H14N5O7P,355.086195,7.71
108,AMP M10,C10H14N5O7P,356.08955,7.71
109,GTP M0,C10H16N5O14P3,521.983,11.72
110,GTP M1,C10H16N5O14P3,522.986355,11.72
111,GTP M2,C10H16N5O14P3,523.9897100000001,11.72
112,GTP M3,C10H16N5O14P3,524.9930650000001,11.72
113,GTP M4,C10H16N5O14P3,525.9964200000002,11.72
114,GTP M5,C10H16N5O14P3,526.9997750000002,11.72
115,GTP M6,C10H16N5O14P3,528.0031300000003,11.72
116,GTP M7,C10H16N5O14P3,529.0064850000003,11.72
117,GTP M8,C10H16N5O14P3,530.0098400000004,11.72
118,GTP M9,C10H16N5O14P3,531.0131950000005,11.72
119,GTP M10,C10H16N5O14P3,532.0165500000005,11.72
120,GMP M0,C10H14N5O8P,362.051,9.81
121,GMP M1,C10H14N5O8P,363.054355,9.81
122,GMP M2,C10H14N5O8P,364.05771,9.81
123,GMP M3,C10H14N5O8P,365.061065,9.81
124,GMP M4,C10H14N5O8P,366.06442,9.81
125,GMP M5,C10H14N5O8P,367.067775,9.81
126,GMP M6,C10H14N5O8P,368.07113,9.81
127,GMP M7,C10H14N5O8P,369.074485,9.81
128,GMP M8,C10H14N5O8P,370.07784,9.81
129,GMP M9,C10H14N5O8P,371.081195,9.81
130,GMP M10,C10H14N5O8P,372.08455,9.81
131,UTP M0,C9H15N2O15P3,482.961,10.73
132,UTP M1,C9H15N2O15P3,483.964355,10.73
133,UTP M2,C9H15N2O15P3,484.96771,10.73
134,UTP M3,C9H15N2O15P3,485.971065,10.73
135,UTP M4,C9H15N2O15P3,486.97442,10.73
136,UTP M5,C9H15N2O15P3,487.977775,10.73
137,UTP M6,C9H15N2O15P3,488.98113,10.73
138,UTP M7,C9H15N2O15P3,489.984485,10.73
139,UTP M8,C9H15N2O15P3,490.98784,10.73
140,UTP M9,C9H15N2O15P3,491.991195,10.73
141,UDP M0,C9H14N2O12P2,402.995,9.92
142,UDP M1,C9H14N2O12P2,403.998355,9.92
143,UDP M2,C9H14N2O12P2,405.00171,9.92
144,UDP M3,C9H14N2O12P2,406.005065,9.92
145,UDP M4,C9H14N2O12P2,407.00842,9.92
146,UDP M5,C9H14N2O12P2,408.011775,9.92
147,UDP M6,C9H14N2O12P2,409.01513,9.92
148,UDP M7,C9H14N2O12P2,410.018485,9.92
149,UDP M8,C9H14N2O12P2,411.02184,9.92
150,UDP M9,C9H14N2O12P2,412.025195,9.92
151,UMP M0,C9H13N2O9P,323.029,8.69
152,UMP M1,C9H13N2O9P,324.032355,8.69
153,UMP M2,C9H13N2O9P,325.03571,8.69
154,UMP M3,C9H13N2O9P,326.039065,8.69
155,UMP M4,C9H13N2O9P,327.04242,8.69
156,UMP M5,C9H13N2O9P,328.045775,8.69
157,UMP M6,C9H13N2O9P,329.04913,8.69
158,UMP M7,C9H13N2O9P,330.052485,8.69
159,UMP M8,C9H13N2O9P,331.05584,8.69
160,UMP M9,C9H13N2O9P,332.059195,8.69
161,CTP M0,C9H16N3O14P3,481.977,11.11
162,CTP M1,C9H16N3O14P3,482.980355,11.11
163,CTP M2,C9H16N3O14P3,483.98371,11.11
164,CTP M3,C9H16N3O14P3,484.987065,11.11
165,CTP M4,C9H16N3O14P3,485.99042,11.11
166,CTP M5,C9H16N3O14P3,486.99377499999997,11.11
167,CTP M6,C9H16N3O14P3,487.99712999999997,11.11
168,CTP M7,C9H16N3O14P3,489.00048499999997,11.11
169,CTP M8,C9H16N3O14P3,490.00383999999997,11.11
170,CTP M9,C9H16N3O14P3,491.00719499999997,11.11
171,CDP M0,C9H15N3O11P2,402.011,11.11
172,CDP M1,C9H15N3O11P2,403.014355,11.11
173,CDP M2,C9H15N3O11P2,404.01771,11.11
174,CDP M3,C9H15N3O11P2,405.021065,11.11
175,CDP M4,C9H15N3O11P2,406.02442,11.11
176,CDP M5,C9H15N3O11P2,407.027775,11.11
177,CDP M6,C9H15N3O11P2,408.03113,11.11
178,CDP M7,C9H15N3O11P2,409.034485,11.11
179,CDP M8,C9H15N3O11P2,410.03784,11.11
180,CDP M9,C9H15N3O11P2,411.041195,11.11
181,glycerol-3-phosphate M0,C3H9O6P,171.006,8.33
182,glycerol-3-phosphate M1,C3H9O6P,172.009355,8.33
183,glycerol-3-phosphate M2,C3H9O6P,173.01271,8.33
184,glycerol-3-phosphate M3,C3H9O6P,174.016065,8.33
185,alpha-ketoglutarate M0,C5H6O5,145.014,8.71
186,alpha-ketoglutarate M1,C5H6O5,146.017355,8.71
187,alpha-ketoglutarate M2,C5H6O5,147.02071,8.71
188,alpha-ketoglutarate M3,C5H6O5,148.024065,8.71
189,alpha-ketoglutarate M4,C5H6O5,149.02742,8.71
190,alpha-ketoglutarate M5,C5H6O5,150.030775,8.71
191,hypotaurine M0,C2H7NO2S,108.012,7.22
192,hypotaurine M1,C2H7NO2S,109.015355,7.22
193,hypotaurine M2,C2H7NO2S,110.01871,7.22
194,cis-aconitate M0,C6H6O6,173.009,10.51
195,cis-aconitate M1,C6H6O6,174.01235499999999,10.51
196,cis-aconitate M2,C6H6O6,175.01570999999998,10.51
197,cis-aconitate M3,C6H6O6,176.01906499999998,10.51
198,cis-aconitate M4,C6H6O6,177.02241999999998,10.51
199,cis-aconitate M5,C6H6O6,178.02577499999998,10.51
200,cis-aconitate M6,C6H6O6,179.02912999999998,10.51
201,taurine M0,C2H7NO3S,124.007,7.08
202,taurine M1,C2H7NO3S,125.010355,7.08
203,taurine M2,C2H7NO3S,126.01371,7.08
204,phosphoglycerate M0,C3H7O7P,184.986,9.95
205,phosphoglycerate M1,C3H7O7P,185.989355,9.95
206,phosphoglycerate M2,C3H7O7P,186.99271,9.95
207,phosphoglycerate M3,C3H7O7P,187.996065,9.95
208,phosphoenolpyruvate M0,C3H5O6P,166.975,10.26
209,phosphoenolpyruvate M1,C3H5O6P,167.978355,10.26
210,phosphoenolpyruvate M2,C3H5O6P,168.98171,10.26
211,phosphoenolpyruvate M3,C3H5O6P,169.985065,10.26
212,sorbitol M0,C6H14O6,181.072,6.88
213,sorbitol M1,C6H14O6,182.075355,6.88
214,sorbitol M2,C6H14O6,183.07871,6.88
215,sorbitol M3,C6H14O6,184.082065,6.88
216,sorbitol M4,C6H14O6,185.08542,6.88
217,sorbitol M5,C6H14O6,186.088775,6.88
218,sorbitol M6,C6H14O6,187.09213,6.88
219,argininosuccinate M0,C10H18N4O6,289.115,9.46
220,argininosuccinate M1,C10H18N4O6,290.118355,9.46
221,argininosuccinate M2,C10H18N4O6,291.12171,9.46
222,argininosuccinate M3,C10H18N4O6,292.125065,9.46
223,argininosuccinate M4,C10H18N4O6,293.12842,9.46
224,argininosuccinate M5,C10H18N4O6,294.131775,9.46
225,argininosuccinate M6,C10H18N4O6,295.13513,9.46
226,argininosuccinate M7,C10H18N4O6,296.138485,9.46
227,argininosuccinate M8,C10H18N4O6,297.14184,9.46
228,argininosuccinate M9,C10H18N4O6,298.145195,9.46
229,argininosuccinate M10,C10H18N4O6,299.14855,9.46
230,oleic acid M0,C18H34O2,281.249,1.64
231,oleic acid M1,C18H34O2,282.252355,1.64
232,oleic acid M2,C18H34O2,283.25571,1.64
233,oleic acid M3,C18H34O2,284.259065,1.64
234,oleic acid M4,C18H34O2,285.26242,1.64
235,oleic acid M5,C18H34O2,286.265775,1.64
236,oleic acid M6,C18H34O2,287.26913,1.64
237,oleic acid M7,C18H34O2,288.272485,1.64
238,oleic acid M8,C18H34O2,289.27584,1.64
239,oleic acid M9,C18H34O2,290.279195,1.64
240,oleic acid M10,C18H34O2,291.28255,1.64
241,oleic acid M11,C18H34O2,292.285905,1.64
242,oleic acid M12,C18H34O2,293.28926,1.64
243,oleic acid M13,C18H34O2,294.292615,1.64
244,oleic acid M14,C18H34O2,295.29597,1.64
245,oleic acid M15,C18H34O2,296.299325,1.64
246,oleic acid M16,C18H34O2,297.30268,1.64
247,oleic acid M17,C18H34O2,298.306035,1.64
248,oleic acid M18,C18H34O2,299.30939,1.64
249,palmitic acid M0,C16H32O2,255.233,1.65
250,palmitic acid M1,C16H32O2,256.236355,1.65
251,palmitic acid M2,C16H32O2,257.23971,1.65
252,palmitic acid M3,C16H32O2,258.243065,1.65
253,palmitic acid M4,C16H32O2,259.24642,1.65
254,palmitic acid M5,C16H32O2,260.249775,1.65
255,palmitic acid M6,C16H32O2,261.25313,1.65
256,palmitic acid M7,C16H32O2,262.256485,1.65
257,palmitic acid M8,C16H32O2,263.25984,1.65
258,palmitic acid M9,C16H32O2,264.263195,1.65
259,palmitic acid M10,C16H32O2,265.26655,1.65
260,palmitic acid M11,C16H32O2,266.269905,1.65
261,palmitic acid M12,C16H32O2,267.27326,1.65
262,palmitic acid M13,C16H32O2,268.276615,1.65
263,palmitic acid M14,C16H32O2,269.27997,1.65
264,palmitic acid M15,C16H32O2,270.283325,1.65
265,palmitic acid M16,C16H32O2,271.28668,1.65
266,stearic acid M0,C18H36O2,283.264,1.64
267,stearic acid M1,C18H36O2,284.267355,1.64
268,stearic acid M2,C18H36O2,285.27071,1.64
269,stearic acid M3,C18H36O2,286.274065,1.64
270,stearic acid M4,C18H36O2,287.27742,1.64
271,stearic acid M5,C18H36O2,288.280775,1.64
272,stearic acid M6,C18H36O2,289.28413,1.64
273,stearic acid M7,C18H36O2,290.287485,1.64
274,stearic acid M8,C18H36O2,291.29084,1.64
275,stearic acid M9,C18H36O2,292.294195,1.64
276,stearic acid M10,C18H36O2,293.29755,1.64
277,stearic acid M11,C18H36O2,294.300905,1.64
278,stearic acid M12,C18H36O2,295.30426,1.64
279,stearic acid M13,C18H36O2,296.307615,1.64
280,stearic acid M14,C18H36O2,297.31097,1.64
281,stearic acid M15,C18H36O2,298.314325,1.64
282,stearic acid M16,C18H36O2,299.31768,1.64
283,stearic acid M17,C18H36O2,300.321035,1.64
284,stearic acid M18,C18H36O2,301.32439,1.64
285,fumarate M0,C4H4O4,115.004,9.07
286,fumarate M1,C4H4O4,116.007355,9.07
287,fumarate M2,C4H4O4,117.01071,9.07
288,fumarate M3,C4H4O4,118.014065,9.07
289,fumarate M4,C4H4O4,119.01742,9.07
290,trifluoromethanesulfonate M0,CHF3O3S,148.953,1.89
291,trifluoromethanesulfonate M1,CHF3O3S,149.956355,1.89
292,pyruvate M0,C3H4O3,87.009,3.47
293,pyruvate M1,C3H4O3,88.012355,3.47
294,pyruvate M2,C3H4O3,89.01571,3.47
295,pyruvate M3,C3H4O3,90.019065,3.47
296,lactate M0,C3H6O3,89.024,4.68
297,lactate M1,C3H6O3,90.027355,4.68
298,lactate M2,C3H6O3,91.03071,4.68
299,lactate M3,C3H6O3,92.034065,4.68
300,guanosine M0,C10H13N5O5,282.084,5.7
301,guanosine M1,C10H13N5O5,283.087355,5.7
302,guanosine M2,C10H13N5O5,284.09071,5.7
303,guanosine M3,C10H13N5O5,285.094065,5.7
304,guanosine M4,C10H13N5O5,286.09742,5.7
305,guanosine M5,C10H13N5O5,287.100775,5.7
306,guanosine M6,C10H13N5O5,288.10413,5.7
307,guanosine M7,C10H13N5O5,289.107485,5.7
308,guanosine M8,C10H13N5O5,290.11084,5.7
309,guanosine M9,C10H13N5O5,291.114195,5.7
310,guanosine M10,C10H13N5O5,292.11755,5.7
311,cytidine M0,C9H13N3O5,242.078,5.92
312,cytidine M1,C9H13N3O5,243.081355,5.92
313,cytidine M2,C9H13N3O5,244.08471,5.92
314,cytidine M3,C9H13N3O5,245.088065,5.92
315,cytidine M4,C9H13N3O5,246.09142,5.92
316,cytidine M5,C9H13N3O5,247.094775,5.92
317,cytidine M6,C9H13N3O5,248.09813,5.92
318,cytidine M7,C9H13N3O5,249.101485,5.92
319,cytidine M8,C9H13N3O5,250.10484,5.92
320,cytidine M9,C9H13N3O5,251.108195,5.92
321,S-adenosyl-homocysteine M0,C14H20N6O5S,383.114,6.32
322,S-adenosyl-homocysteine M1,C14H20N6O5S,384.117355,6.32
323,S-adenosyl-homocysteine M2,C14H20N6O5S,385.12071,6.32
324,S-adenosyl-homocysteine M3,C14H20N6O5S,386.124065,6.32
325,S-adenosyl-homocysteine M4,C14H20N6O5S,387.12742,6.32
326,S-adenosyl-homocysteine M5,C14H20N6O5S,388.13077499999997,6.32
327,S-adenosyl-homocysteine M6,C14H20N6O5S,389.13412999999997,6.32
328,S-adenosyl-homocysteine M7,C14H20N6O5S,390.13748499999997,6.32
329,S-adenosyl-homocysteine M8,C14H20N6O5S,391.14083999999997,6.32
330,S-adenosyl-homocysteine M9,C14H20N6O5S,392.14419499999997,6.32
331,S-adenosyl-homocysteine M10,C14H20N6O5S,393.14754999999997,6.32
332,S-adenosyl-homocysteine M11,C14H20N6O5S,394.15090499999997,6.32
333,S-adenosyl-homocysteine M12,C14H20N6O5S,395.15425999999997,6.32
334,S-adenosyl-homocysteine M13,C14H20N6O5S,396.15761499999996,6.32
335,S-adenosyl-homocysteine M14,C14H20N6O5S,397.16096999999996,6.32
336,IMP M0,C10H13N4O8P,347.04,8.81
337,IMP M1,C10H13N4O8P,348.043355,8.81
338,IMP M2,C10H13N4O8P,349.04671,8.81
339,IMP M3,C10H13N4O8P,350.050065,8.81
340,IMP M4,C10H13N4O8P,351.05342,8.81
341,IMP M5,C10H13N4O8P,352.056775,8.81
342,IMP M6,C10H13N4O8P,353.06013,8.81
343,IMP M7,C10H13N4O8P,354.063485,8.81
344,IMP M8,C10H13N4O8P,355.06684,8.81
345,IMP M9,C10H13N4O8P,356.070195,8.81
346,IMP M10,C10H13N4O8P,357.07355,8.81
347,6-phosphogluconic acid M0,C6H13O10P,275.017,10.54
348,6-phosphogluconic acid M1,C6H13O10P,276.020355,10.54
349,6-phosphogluconic acid M2,C6H13O10P,277.02371,10.54
350,6-phosphogluconic acid M3,C6H13O10P,278.027065,10.54
351,6-phosphogluconic acid M4,C6H13O10P,279.03042,10.54
352,6-phosphogluconic acid M5,C6H13O10P,280.033775,10.54
353,6-phosphogluconic acid M6,C6H13O10P,281.03713,10.54
354,erythrose-4-phosphate M0,C4H9O7P,199.001,10.19
355,erythrose-4-phosphate M1,C4H9O7P,200.004355,10.19
356,erythrose-4-phosphate M2,C4H9O7P,201.00771,10.19
357,erythrose-4-phosphate M3,C4H9O7P,202.011065,10.19
358,erythrose-4-phosphate M4,C4H9O7P,203.01442,10.19
359,fructose-1;6-bisphosphate M0,C6H14O12P2,338.989,10.97
360,fructose-1;6-bisphosphate M1,C6H14O12P2,339.992355,10.97
361,fructose-1;6-bisphosphate M2,C6H14O12P2,340.99571,10.97
362,fructose-1;6-bisphosphate M3,C6H14O12P2,341.999065,10.97
363,fructose-1;6-bisphosphate M4,C6H14O12P2,343.00242,10.97
364,fructose-1;6-bisphosphate M5,C6H14O12P2,344.00577499999997,10.97
365,fructose-1;6-bisphosphate M6,C6H14O12P2,345.00912999999997,10.97
366,CDP-ethanolamine M0,C11H20N4O11P2,445.053,9.16
367,CDP-ethanolamine M1,C11H20N4O11P2,446.056355,9.16
368,CDP-ethanolamine M2,C11H20N4O11P2,447.05971,9.16
369,CDP-ethanolamine M3,C11H20N4O11P2,448.063065,9.16
370,CDP-ethanolamine M4,C11H20N4O11P2,449.06642,9.16
371,CDP-ethanolamine M5,C11H20N4O11P2,450.069775,9.16
372,CDP-ethanolamine M6,C11H20N4O11P2,451.07313,9.16
373,CDP-ethanolamine M7,C11H20N4O11P2,452.076485,9.16
374,CDP-ethanolamine M8,C11H20N4O11P2,453.07984,9.16
375,CDP-ethanolamine M9,C11H20N4O11P2,454.083195,9.16
376,CDP-ethanolamine M10,C11H20N4O11P2,455.08655,9.16
377,CDP-ethanolamine M11,C11H20N4O11P2,456.089905,9.16
378,UDP-N-acetylglucosamine M0,C17H27N3O17P2,606.074,8.57
379,UDP-N-acetylglucosamine M1,C17H27N3O17P2,607.077355,8.57
380,UDP-N-acetylglucosamine M2,C17H27N3O17P2,608.0807100000001,8.57
381,UDP-N-acetylglucosamine M3,C17H27N3O17P2,609.0840650000001,8.57
382,UDP-N-acetylglucosamine M4,C17H27N3O17P2,610.0874200000002,8.57
383,UDP-N-acetylglucosamine M5,C17H27N3O17P2,611.0907750000002,8.57
384,UDP-N-acetylglucosamine M6,C17H27N3O17P2,612.0941300000003,8.57
385,UDP-N-acetylglucosamine M7,C17H27N3O17P2,613.0974850000003,8.57
386,UDP-N-acetylglucosamine M8,C17H27N3O17P2,614.1008400000004,8.57
387,UDP-N-acetylglucosamine M9,C17H27N3O17P2,615.1041950000005,8.57
388,UDP-N-acetylglucosamine M10,C17H27N3O17P2,616.1075500000005,8.57
389,UDP-N-acetylglucosamine M11,C17H27N3O17P2,617.1109050000006,8.57
390,UDP-N-acetylglucosamine M12,C17H27N3O17P2,618.1142600000006,8.57
391,UDP-N-acetylglucosamine M13,C17H27N3O17P2,619.1176150000007,8.57
392,UDP-N-acetylglucosamine M14,C17H27N3O17P2,620.1209700000007,8.57
393,UDP-N-acetylglucosamine M15,C17H27N3O17P2,621.1243250000008,8.57
394,UDP-N-acetylglucosamine M16,C17H27N3O17P2,622.1276800000009,8.57
395,UDP-N-acetylglucosamine M17,C17H27N3O17P2,623.1310350000009,8.57
396,uric acid M0,C5H4N4O3,167.021,6.34
397,uric acid M1,C5H4N4O3,168.02435499999999,6.34
398,uric acid M2,C5H4N4O3,169.02770999999998,6.34
399,uric acid M3,C5H4N4O3,170.03106499999998,6.34
400,uric acid M4,C5H4N4O3,171.03441999999998,6.34
401,uric acid M5,C5H4N4O3,172.03777499999998,6.34
402,NADH M0,C21H29N7O14P2,664.118,7.29
403,NADH M1,C21H29N7O14P2,665.1213550000001,7.29
404,NADH M2,C21H29N7O14P2,666.1247100000002,7.29
405,NADH M3,C21H29N7O14P2,667.1280650000002,7.29
406,NADH M4,C21H29N7O14P2,668.1314200000003,7.29
407,NADH M5,C21H29N7O14P2,669.1347750000003,7.29
408,NADH M6,C21H29N7O14P2,670.1381300000004,7.29
409,NADH M7,C21H29N7O14P2,671.1414850000004,7.29
410,NADH M8,C21H29N7O14P2,672.1448400000005,7.29
411,NADH M9,C21H29N7O14P2,673.1481950000006,7.29
412,NADH M10,C21H29N7O14P2,674.1515500000006,7.29
413,NADH M11,C21H29N7O14P2,675.1549050000007,7.29
414,NADH M12,C21H29N7O14P2,676.1582600000007,7.29
415,NADH M13,C21H29N7O14P2,677.1616150000008,7.29
416,NADH M14,C21H29N7O14P2,678.1649700000008,7.29
417,NADH M15,C21H29N7O14P2,679.1683250000009,7.29
418,NADH M16,C21H29N7O14P2,680.171680000001,7.29
419,NADH M17,C21H29N7O14P2,681.175035000001,7.29
420,NADH M18,C21H29N7O14P2,682.1783900000011,7.29
421,NADH M19,C21H29N7O14P2,683.1817450000011,7.29
422,NADH M20,C21H29N7O14P2,684.1851000000012,7.29
423,NADH M21,C21H29N7O14P2,685.1884550000012,7.29
424,CMP M0,C9H14N3O8P,322.045,9.2
425,CMP M1,C9H14N3O8P,323.048355,9.2
426,CMP M2,C9H14N3O8P,324.05171,9.2
427,CMP M3,C9H14N3O8P,325.055065,9.2
428,CMP M4,C9H14N3O8P,326.05842,9.2
429,CMP M5,C9H14N3O8P,327.061775,9.2
430,CMP M6,C9H14N3O8P,328.06513,9.2
431,CMP M7,C9H14N3O8P,329.068485,9.2
432,CMP M8,C9H14N3O8P,330.07184,9.2
433,CMP M9,C9H14N3O8P,331.075195,9.2
434,lauric acid M0,C12H24O2,199.17,1.7
435,lauric acid M1,C12H24O2,200.173355,1.7
436,lauric acid M2,C12H24O2,201.17670999999999,1.7
437,lauric acid M3,C12H24O2,202.18006499999998,1.7
438,lauric acid M4,C12H24O2,203.18341999999998,1.7
439,lauric acid M5,C12H24O2,204.18677499999998,1.7
440,lauric acid M6,C12H24O2,205.19012999999998,1.7
441,lauric acid M7,C12H24O2,206.19348499999998,1.7
442,lauric acid M8,C12H24O2,207.19683999999998,1.7
443,lauric acid M9,C12H24O2,208.20019499999998,1.7
444,lauric acid M10,C12H24O2,209.20354999999998,1.7
445,lauric acid M11,C12H24O2,210.20690499999998,1.7
446,lauric acid M12,C12H24O2,211.21025999999998,1.7
447,myristic acid M0,C14H28O2,227.202,1.67
448,myristic acid M1,C14H28O2,228.205355,1.67
449,myristic acid M2,C14H28O2,229.20871,1.67
450,myristic acid M3,C14H28O2,230.212065,1.67
451,myristic acid M4,C14H28O2,231.21542,1.67
452,myristic acid M5,C14H28O2,232.218775,1.67
453,myristic acid M6,C14H28O2,233.22213,1.67
454,myristic acid M7,C14H28O2,234.225485,1.67
455,myristic acid M8,C14H28O2,235.22884,1.67
456,myristic acid M9,C14H28O2,236.232195,1.67
457,myristic acid M10,C14H28O2,237.23555,1.67
458,myristic acid M11,C14H28O2,238.238905,1.67
459,myristic acid M12,C14H28O2,239.24226,1.67
460,myristic acid M13,C14H28O2,240.245615,1.67
461,myristic acid M14,C14H28O2,241.24896999999999,1.67
462,arachidic acid M0,C20H40O2,311.296,1.63
463,arachidic acid M1,C20H40O2,312.299355,1.63
464,arachidic acid M2,C20H40O2,313.30271,1.63
465,arachidic acid M3,C20H40O2,314.306065,1.63
466,arachidic acid M4,C20H40O2,315.30942,1.63
467,arachidic acid M5,C20H40O2,316.312775,1.63
468,arachidic acid M6,C20H40O2,317.31613,1.63
469,arachidic acid M7,C20H40O2,318.319485,1.63
470,arachidic acid M8,C20H40O2,319.32284,1.63
471,arachidic acid M9,C20H40O2,320.326195,1.63
472,arachidic acid M10,C20H40O2,321.32955,1.63
473,arachidic acid M11,C20H40O2,322.332905,1.63
474,arachidic acid M12,C20H40O2,323.33626,1.63
475,arachidic acid M13,C20H40O2,324.339615,1.63
476,arachidic acid M14,C20H40O2,325.34297,1.63
477,arachidic acid M15,C20H40O2,326.346325,1.63
478,arachidic acid M16,C20H40O2,327.34968,1.63
479,arachidic acid M17,C20H40O2,328.353035,1.63
480,arachidic acid M18,C20H40O2,329.35639,1.63
481,arachidic acid M19,C20H40O2,330.359745,1.63
482,arachidic acid M20,C20H40O2,331.3631,1.63
483,GSH M0,C10H17N3O6S,306.077,7.73
484,GSH M1,C10H17N3O6S,307.080355,7.73
485,GSH M2,C10H17N3O6S,308.08371,7.73
486,GSH M3,C10H17N3O6S,309.087065,7.73
487,GSH M4,C10H17N3O6S,310.09042,7.73
488,GSH M5,C10H17N3O6S,311.093775,7.73
489,GSH M6,C10H17N3O6S,312.09713,7.73
490,GSH M7,C10H17N3O6S,313.100485,7.73
491,GSH M8,C10H17N3O6S,314.10384,7.73
492,GSH M9,C10H17N3O6S,315.107195,7.73
493,GSH M10,C10H17N3O6S,316.11055,7.73
494,GSSG M0,C20H32N6O12S2,611.145,10.2
495,GSSG M1,C20H32N6O12S2,612.148355,10.2
496,GSSG M2,C20H32N6O12S2,613.1517100000001,10.2
497,GSSG M3,C20H32N6O12S2,614.1550650000001,10.2
498,GSSG M4,C20H32N6O12S2,615.1584200000002,10.2
499,GSSG M5,C20H32N6O12S2,616.1617750000003,10.2
500,GSSG M6,C20H32N6O12S2,617.1651300000003,10.2
501,GSSG M7,C20H32N6O12S2,618.1684850000004,10.2
502,GSSG M8,C20H32N6O12S2,619.1718400000004,10.2
503,GSSG M9,C20H32N6O12S2,620.1751950000005,10.2
504,GSSG M10,C20H32N6O12S2,621.1785500000005,10.2
505,GSSG M11,C20H32N6O12S2,622.1819050000006,10.2
506,GSSG M12,C20H32N6O12S2,623.1852600000007,10.2
507,GSSG M13,C20H32N6O12S2,624.1886150000007,10.2
508,GSSG M14,C20H32N6O12S2,625.1919700000008,10.2
509,GSSG M15,C20H32N6O12S2,626.1953250000008,10.2
510,GSSG M16,C20H32N6O12S2,627.1986800000009,10.2
511,GSSG M17,C20H32N6O12S2,628.2020350000009,10.2
512,GSSG M18,C20H32N6O12S2,629.205390000001,10.2
513,GSSG M19,C20H32N6O12S2,630.208745000001,10.2
514,GSSG M20,C20H32N6O12S2,631.2121000000011,10.2
515,phosphoserine M0,C3H8NO6P,184.002,9.69
516,phosphoserine M1,C3H8NO6P,185.005355,9.69
517,phosphoserine M2,C3H8NO6P,186.00871,9.69
518,phosphoserine M3,C3H8NO6P,187.012065,9.69
519,phosphocreatine M0,C4H10N3O5P,210.029,8.55
520,phosphocreatine M1,C4H10N3O5P,211.032355,8.55
521,phosphocreatine M2,C4H10N3O5P,212.03571,8.55
522,phosphocreatine M3,C4H10N3O5P,213.039065,8.55
523,phosphocreatine M4,C4H10N3O5P,214.04242,8.55
524,dihydroxyacetone-phosphate M0,C3H7O6P,168.991,8.58
525,dihydroxyacetone-phosphate M1,C3H7O6P,169.994355,8.58
526,dihydroxyacetone-phosphate M2,C3H7O6P,170.99771,8.58
527,dihydroxyacetone-phosphate M3,C3H7O6P,172.001065,8.58
528,glyceraldehyde-3-phosphate M0,C3H7O6P,168.991,10.97
529,glyceraldehyde-3-phosphate M1,C3H7O6P,169.994355,10.97
530,glyceraldehyde-3-phosphate M2,C3H7O6P,170.99771,10.97
531,glyceraldehyde-3-phosphate M3,C3H7O6P,172.001065,10.97
532,NADPH M0,C21H30N7O17P3,744.084,10.2
533,NADPH M1,C21H30N7O17P3,745.087355,10.2
534,NADPH M2,C21H30N7O17P3,746.0907100000001,10.2
535,NADPH M3,C21H30N7O17P3,747.0940650000001,10.2
536,NADPH M4,C21H30N7O17P3,748.0974200000002,10.2
537,NADPH M5,C21H30N7O17P3,749.1007750000002,10.2
538,NADPH M6,C21H30N7O17P3,750.1041300000003,10.2
539,NADPH M7,C21H30N7O17P3,751.1074850000003,10.2
540,NADPH M8,C21H30N7O17P3,752.1108400000004,10.2
541,NADPH M9,C21H30N7O17P3,753.1141950000004,10.2
542,NADPH M10,C21H30N7O17P3,754.1175500000005,10.2
543,NADPH M11,C21H30N7O17P3,755.1209050000006,10.2
544,NADPH M12,C21H30N7O17P3,756.1242600000006,10.2
545,NADPH M13,C21H30N7O17P3,757.1276150000007,10.2
546,NADPH M14,C21H30N7O17P3,758.1309700000007,10.2
547,NADPH M15,C21H30N7O17P3,759.1343250000008,10.2
548,NADPH M16,C21H30N7O17P3,760.1376800000008,10.2
549,NADPH M17,C21H30N7O17P3,761.1410350000009,10.2
550,NADPH M18,C21H30N7O17P3,762.144390000001,10.2
551,NADPH M19,C21H30N7O17P3,763.147745000001,10.2
552,NADPH M20,C21H30N7O17P3,764.1511000000011,10.2
553,NADPH M21,C21H30N7O17P3,765.1544550000011,10.2
554,UDP-glucuronic acid M0,C15H22N2O18P2,579.027,11.5
555,UDP-glucuronic acid M1,C15H22N2O18P2,580.0303550000001,11.5
556,UDP-glucuronic acid M2,C15H22N2O18P2,581.0337100000002,11.5
557,UDP-glucuronic acid M3,C15H22N2O18P2,582.0370650000002,11.5
558,UDP-glucuronic acid M4,C15H22N2O18P2,583.0404200000003,11.5
559,UDP-glucuronic acid M5,C15H22N2O18P2,584.0437750000003,11.5
560,UDP-glucuronic acid M6,C15H22N2O18P2,585.0471300000004,11.5
561,UDP-glucuronic acid M7,C15H22N2O18P2,586.0504850000004,11.5
562,UDP-glucuronic acid M8,C15H22N2O18P2,587.0538400000005,11.5
563,UDP-glucuronic acid M9,C15H22N2O18P2,588.0571950000005,11.5
564,UDP-glucuronic acid M10,C15H22N2O18P2,589.0605500000006,11.5
565,UDP-glucuronic acid M11,C15H22N2O18P2,590.0639050000007,11.5
566,UDP-glucuronic acid M12,C15H22N2O18P2,591.0672600000007,11.5
567,UDP-glucuronic acid M13,C15H22N2O18P2,592.0706150000008,11.5
568,UDP-glucuronic acid M14,C15H22N2O18P2,593.0739700000008,11.5
569,UDP-glucuronic acid M15,C15H22N2O18P2,594.0773250000009,11.5
570,saccharopine M0,C11H20N2O6,275.125,8.64
571,saccharopine M1,C11H20N2O6,276.128355,8.64
572,saccharopine M2,C11H20N2O6,277.13171,8.64
573,saccharopine M3,C11H20N2O6,278.135065,8.64
574,saccharopine M4,C11H20N2O6,279.13842,8.64
575,saccharopine M5,C11H20N2O6,280.141775,8.64
576,saccharopine M6,C11H20N2O6,281.14513,8.64
577,saccharopine M7,C11H20N2O6,282.148485,8.64
578,saccharopine M8,C11H20N2O6,283.15184,8.64
579,saccharopine M9,C11H20N2O6,284.155195,8.64
580,saccharopine M10,C11H20N2O6,285.15855,8.64
581,saccharopine M11,C11H20N2O6,286.161905,8.64
582,phosphorylethanolamine M0,C2H8NO4P,140.012,8.83
583,phosphorylethanolamine M1,C2H8NO4P,141.015355,8.83
584,phosphorylethanolamine M2,C2H8NO4P,142.01871,8.83
585,carbamoyl-aspartate M0,C5H8N2O5,175.036,9.54
586,carbamoyl-aspartate M1,C5H8N2O5,176.039355,9.54
587,carbamoyl-aspartate M2,C5H8N2O5,177.04271,9.54
588,carbamoyl-aspartate M3,C5H8N2O5,178.046065,9.54
589,carbamoyl-aspartate M4,C5H8N2O5,179.04942,9.54
590,carbamoyl-aspartate M5,C5H8N2O5,180.052775,9.54
591,ascorbate M0,C6H8O6,175.025,7.77
592,ascorbate M1,C6H8O6,176.028355,7.77
593,ascorbate M2,C6H8O6,177.03171,7.77
594,ascorbate M3,C6H8O6,178.035065,7.77
595,ascorbate M4,C6H8O6,179.03842,7.77
596,ascorbate M5,C6H8O6,180.041775,7.77
597,ascorbate M6,C6H8O6,181.04513,7.77
598,4-aminobutyrate M0,C4H9NO2,102.056,7.86
599,4-aminobutyrate M1,C4H9NO2,103.059355,7.86
600,4-aminobutyrate M2,C4H9NO2,104.06271,7.86
601,4-aminobutyrate M3,C4H9NO2,105.066065,7.86
602,4-aminobutyrate M4,C4H9NO2,106.06942,7.86
603,citrate / isocitrate M0,C6H8O7,191.02,10.71
604,citrate / isocitrate M1,C6H8O7,192.023355,10.71
605,citrate / isocitrate M2,C6H8O7,193.02671,10.71
606,citrate / isocitrate M3,C6H8O7,194.030065,10.71
607,citrate / isocitrate M4,C6H8O7,195.03342,10.71
608,citrate / isocitrate M5,C6H8O7,196.036775,10.71
609,citrate / isocitrate M6,C6H8O7,197.04013,10.71
610,N-acetylglucosamine-phosphate M0,C8H16NO9P,300.049,8.37
611,N-acetylglucosamine-phosphate M1,C8H16NO9P,301.052355,8.37
612,N-acetylglucosamine-phosphate M2,C8H16NO9P,302.05571,8.37
613,N-acetylglucosamine-phosphate M3,C8H16NO9P,303.059065,8.37
614,N-acetylglucosamine-phosphate M4,C8H16NO9P,304.06242,8.37
615,N-acetylglucosamine-phosphate M5,C8H16NO9P,305.065775,8.37
616,N-acetylglucosamine-phosphate M6,C8H16NO9P,306.06913,8.37
617,N-acetylglucosamine-phosphate M7,C8H16NO9P,307.072485,8.37
618,N-acetylglucosamine-phosphate M8,C8H16NO9P,308.07583999999997,8.37
619,inosine M0,C10H12N4O5,267.073,5.72
620,inosine M1,C10H12N4O5,268.076355,5.72
621,inosine M2,C10H12N4O5,269.07971,5.72
622,inosine M3,C10H12N4O5,270.083065,5.72
623,inosine M4,C10H12N4O5,271.08642,5.72
624,inosine M5,C10H12N4O5,272.089775,5.72
625,inosine M6,C10H12N4O5,273.09313,5.72
626,inosine M7,C10H12N4O5,274.096485,5.72
627,inosine M8,C10H12N4O5,275.09984,5.72
628,inosine M9,C10H12N4O5,276.10319499999997,5.72
629,inosine M10,C10H12N4O5,277.10654999999997,5.72
630,fructose M0,C6H12O6,179.056,6.9
631,fructose M1,C6H12O6,180.059355,6.9
632,fructose M2,C6H12O6,181.06271,6.9
633,fructose M3,C6H12O6,182.066065,6.9
634,fructose M4,C6H12O6,183.06942,6.9
635,fructose M5,C6H12O6,184.072775,6.9
636,fructose M6,C6H12O6,185.07613,6.9
637,xylulose M0,C5H10O5,149.046,5.78
638,xylulose M1,C5H10O5,150.049355,5.78
639,xylulose M2,C5H10O5,151.05271,5.78
640,xylulose M3,C5H10O5,152.056065,5.78
641,xylulose M4,C5H10O5,153.05942,5.78
642,xylulose M5,C5H10O5,154.062775,5.78
643,fructose-1-phosphate M0,C6H13O9P,259.022,8.42
644,fructose-1-phosphate M1,C6H13O9P,260.025355,8.42
645,fructose-1-phosphate M2,C6H13O9P,261.02871,8.42
646,fructose-1-phosphate M3,C6H13O9P,262.032065,8.42
647,fructose-1-phosphate M4,C6H13O9P,263.03542,8.42
648,fructose-1-phosphate M5,C6H13O9P,264.038775,8.42
649,fructose-1-phosphate M6,C6H13O9P,265.04213,8.42
650,hydroxyglutarate M0,C5H8O5,147.03,8.5
651,hydroxyglutarate M1,C5H8O5,148.033355,8.5
652,hydroxyglutarate M2,C5H8O5,149.03671,8.5
653,hydroxyglutarate M3,C5H8O5,150.040065,8.5
654,hydroxyglutarate M4,C5H8O5,151.04342,8.5
655,hydroxyglutarate M5,C5H8O5,152.046775,8.5
656,rib/ribul/xylul-ose-phosphate M0,C5H11O8P,229.012,8.74
657,rib/ribul/xylul-ose-phosphate M1,C5H11O8P,230.015355,8.74
658,rib/ribul/xylul-ose-phosphate M2,C5H11O8P,231.01871,8.74
659,rib/ribul/xylul-ose-phosphate M3,C5H11O8P,232.022065,8.74
660,rib/ribul/xylul-ose-phosphate M4,C5H11O8P,233.02542,8.74
661,rib/ribul/xylul-ose-phosphate M5,C5H11O8P,234.028775,8.74
662,acetyl-CoA M0,C23H38N7O17P3S,808.119,6.71
663,acetyl-CoA M1,C23H38N7O17P3S,809.1223550000001,6.71
664,acetyl-CoA M2,C23H38N7O17P3S,810.1257100000001,6.71
665,acetyl-CoA M3,C23H38N7O17P3S,811.1290650000002,6.71
666,acetyl-CoA M4,C23H38N7O17P3S,812.1324200000003,6.71
667,acetyl-CoA M5,C23H38N7O17P3S,813.1357750000003,6.71
668,acetyl-CoA M6,C23H38N7O17P3S,814.1391300000004,6.71
669,acetyl-CoA M7,C23H38N7O17P3S,815.1424850000004,6.71
670,acetyl-CoA M8,C23H38N7O17P3S,816.1458400000005,6.71
671,acetyl-CoA M9,C23H38N7O17P3S,817.1491950000005,6.71
672,acetyl-CoA M10,C23H38N7O17P3S,818.1525500000006,6.71
673,acetyl-CoA M11,C23H38N7O17P3S,819.1559050000006,6.71
674,acetyl-CoA M12,C23H38N7O17P3S,820.1592600000007,6.71
675,acetyl-CoA M13,C23H38N7O17P3S,821.1626150000008,6.71
676,acetyl-CoA M14,C23H38N7O17P3S,822.1659700000008,6.71
677,acetyl-CoA M15,C23H38N7O17P3S,823.1693250000009,6.71
678,acetyl-CoA M16,C23H38N7O17P3S,824.1726800000009,6.71
679,acetyl-CoA M17,C23H38N7O17P3S,825.176035000001,6.71
680,acetyl-CoA M18,C23H38N7O17P3S,826.179390000001,6.71
681,acetyl-CoA M19,C23H38N7O17P3S,827.1827450000011,6.71
682,acetyl-CoA M20,C23H38N7O17P3S,828.1861000000011,6.71
683,acetyl-CoA M21,C23H38N7O17P3S,829.1894550000012,6.71
684,acetyl-CoA M22,C23H38N7O17P3S,830.1928100000013,6.71
685,acetyl-CoA M23,C23H38N7O17P3S,831.1961650000013,6.71
686,acetoacetyl-CoA M0,C25H40N7O18P3S,850.129,8.85
687,acetoacetyl-CoA M1,C25H40N7O18P3S,851.1323550000001,8.85
688,acetoacetyl-CoA M2,C25H40N7O18P3S,852.1357100000001,8.85
689,acetoacetyl-CoA M3,C25H40N7O18P3S,853.1390650000002,8.85
690,acetoacetyl-CoA M4,C25H40N7O18P3S,854.1424200000002,8.85
691,acetoacetyl-CoA M5,C25H40N7O18P3S,855.1457750000003,8.85
692,acetoacetyl-CoA M6,C25H40N7O18P3S,856.1491300000004,8.85
693,acetoacetyl-CoA M7,C25H40N7O18P3S,857.1524850000004,8.85
694,acetoacetyl-CoA M8,C25H40N7O18P3S,858.1558400000005,8.85
695,acetoacetyl-CoA M9,C25H40N7O18P3S,859.1591950000005,8.85
696,acetoacetyl-CoA M10,C25H40N7O18P3S,860.1625500000006,8.85
697,acetoacetyl-CoA M11,C25H40N7O18P3S,861.1659050000006,8.85
698,acetoacetyl-CoA M12,C25H40N7O18P3S,862.1692600000007,8.85
699,acetoacetyl-CoA M13,C25H40N7O18P3S,863.1726150000007,8.85
700,acetoacetyl-CoA M14,C25H40N7O18P3S,864.1759700000008,8.85
701,acetoacetyl-CoA M15,C25H40N7O18P3S,865.1793250000009,8.85
702,acetoacetyl-CoA M16,C25H40N7O18P3S,866.1826800000009,8.85
703,acetoacetyl-CoA M17,C25H40N7O18P3S,867.186035000001,8.85
704,acetoacetyl-CoA M18,C25H40N7O18P3S,868.189390000001,8.85
705,acetoacetyl-CoA M19,C25H40N7O18P3S,869.1927450000011,8.85
706,acetoacetyl-CoA M20,C25H40N7O18P3S,870.1961000000011,8.85
707,acetoacetyl-CoA M21,C25H40N7O18P3S,871.1994550000012,8.85
708,acetoacetyl-CoA M22,C25H40N7O18P3S,872.2028100000013,8.85
709,acetoacetyl-CoA M23,C25H40N7O18P3S,873.2061650000013,8.85
710,acetoacetyl-CoA M24,C25H40N7O18P3S,874.2095200000014,8.85
711,acetoacetyl-CoA M25,C25H40N7O18P3S,875.2128750000014,8.85
712,dihydroorotate M0,C5H6N2O4,157.025,5.45
713,dihydroorotate M1,C5H6N2O4,158.028355,5.45
714,dihydroorotate M2,C5H6N2O4,159.03171,5.45
715,dihydroorotate M3,C5H6N2O4,160.035065,5.45
716,dihydroorotate M4,C5H6N2O4,161.03842,5.45
717,dihydroorotate M5,C5H6N2O4,162.041775,5.45
718,orotate M0,C5H4N2O4,155.01,5.36
719,orotate M1,C5H4N2O4,156.013355,5.36
720,orotate M2,C5H4N2O4,157.01671,5.36
721,orotate M3,C5H4N2O4,158.020065,5.36
722,orotate M4,C5H4N2O4,159.02342,5.36
723,orotate M5,C5H4N2O4,160.026775,5.36
724,phosphate M0,H3O4P,96.97,7.08
725,CoA M0,C21H36N7O16P3S,766.108,7.61
726,CoA M1,C21H36N7O16P3S,767.111355,7.61
727,CoA M2,C21H36N7O16P3S,768.1147100000001,7.61
728,CoA M3,C21H36N7O16P3S,769.1180650000001,7.61
729,CoA M4,C21H36N7O16P3S,770.1214200000002,7.61
730,CoA M5,C21H36N7O16P3S,771.1247750000002,7.61
731,CoA M6,C21H36N7O16P3S,772.1281300000003,7.61
732,CoA M7,C21H36N7O16P3S,773.1314850000003,7.61
733,CoA M8,C21H36N7O16P3S,774.1348400000004,7.61
734,CoA M9,C21H36N7O16P3S,775.1381950000005,7.61
735,CoA M10,C21H36N7O16P3S,776.1415500000005,7.61
736,CoA M11,C21H36N7O16P3S,777.1449050000006,7.61
737,CoA M12,C21H36N7O16P3S,778.1482600000006,7.61
738,CoA M13,C21H36N7O16P3S,779.1516150000007,7.61
739,CoA M14,C21H36N7O16P3S,780.1549700000007,7.61
740,CoA M15,C21H36N7O16P3S,781.1583250000008,7.61
741,CoA M16,C21H36N7O16P3S,782.1616800000008,7.61
742,CoA M17,C21H36N7O16P3S,783.1650350000009,7.61
743,CoA M18,C21H36N7O16P3S,784.168390000001,7.61
744,CoA M19,C21H36N7O16P3S,785.171745000001,7.61
745,CoA M20,C21H36N7O16P3S,786.1751000000011,7.61
746,CoA M21,C21H36N7O16P3S,787.1784550000011,7.61
747,cystine M0,C6H12N2O4S2,239.017,8.75
748,cystine M1,C6H12N2O4S2,240.020355,8.75
749,cystine M2,C6H12N2O4S2,241.02371,8.75
750,cystine M3,C6H12N2O4S2,242.027065,8.75
751,cystine M4,C6H12N2O4S2,243.03042,8.75
752,cystine M5,C6H12N2O4S2,244.033775,8.75
753,cystine M6,C6H12N2O4S2,245.03713,8.75
754,folate M0,C19H19N7O6,440.132,9.93
755,folate M1,C19H19N7O6,441.135355,9.93
756,folate M2,C19H19N7O6,442.13871,9.93
757,folate M3,C19H19N7O6,443.142065,9.93
758,folate M4,C19H19N7O6,444.14542,9.93
759,folate M5,C19H19N7O6,445.148775,9.93
760,folate M6,C19H19N7O6,446.15213,9.93
761,folate M7,C19H19N7O6,447.155485,9.93
762,folate M8,C19H19N7O6,448.15884,9.93
763,folate M9,C19H19N7O6,449.162195,9.93
764,folate M10,C19H19N7O6,450.16555,9.93
765,folate M11,C19H19N7O6,451.168905,9.93
766,folate M12,C19H19N7O6,452.17226,9.93
767,folate M13,C19H19N7O6,453.175615,9.93
768,folate M14,C19H19N7O6,454.17897,9.93
769,folate M15,C19H19N7O6,455.182325,9.93
770,folate M16,C19H19N7O6,456.18568,9.93
771,folate M17,C19H19N7O6,457.189035,9.93
772,folate M18,C19H19N7O6,458.19239,9.93
773,folate M19,C19H19N7O6,459.195745,9.93
774,GDP M0,C10H15N5O11P2,442.017,11.72
775,GDP M1,C10H15N5O11P2,443.020355,11.72
776,GDP M2,C10H15N5O11P2,444.02371,11.72
777,GDP M3,C10H15N5O11P2,445.027065,11.72
778,GDP M4,C10H15N5O11P2,446.03042,11.72
779,GDP M5,C10H15N5O11P2,447.033775,11.72
780,GDP M6,C10H15N5O11P2,448.03713,11.72
781,GDP M7,C10H15N5O11P2,449.040485,11.72
782,GDP M8,C10H15N5O11P2,450.04384,11.72
783,GDP M9,C10H15N5O11P2,451.047195,11.72
784,GDP M10,C10H15N5O11P2,452.05055,11.72
785,dTTP M0,C10H17N2O14P3,480.982,9.33
786,dTTP M1,C10H17N2O14P3,481.985355,9.33
787,dTTP M2,C10H17N2O14P3,482.98871,9.33
788,dTTP M3,C10H17N2O14P3,483.992065,9.33
789,dTTP M4,C10H17N2O14P3,484.99542,9.33
790,dTTP M5,C10H17N2O14P3,485.998775,9.33
791,dTTP M6,C10H17N2O14P3,487.00213,9.33
792,dTTP M7,C10H17N2O14P3,488.005485,9.33
793,dTTP M8,C10H17N2O14P3,489.00884,9.33
794,dTTP M9,C10H17N2O14P3,490.012195,9.33
795,dTTP M10,C10H17N2O14P3,491.01555,9.33
796,dATP M0,C10H16N5O12P3,489.994,9.14
797,dATP M1,C10H16N5O12P3,490.997355,9.14
798,dATP M2,C10H16N5O12P3,492.00071,9.14
799,dATP M3,C10H16N5O12P3,493.004065,9.14
800,dATP M4,C10H16N5O12P3,494.00742,9.14
801,dATP M5,C10H16N5O12P3,495.010775,9.14
802,dATP M6,C10H16N5O12P3,496.01413,9.14
803,dATP M7,C10H16N5O12P3,497.017485,9.14
804,dATP M8,C10H16N5O12P3,498.02084,9.14
805,dATP M9,C10H16N5O12P3,499.024195,9.14
806,dATP M10,C10H16N5O12P3,500.02755,9.14
807,phosphoribosylamine M0,C5H12NO7P,228.028,8.78
808,phosphoribosylamine M1,C5H12NO7P,229.031355,8.78
809,phosphoribosylamine M2,C5H12NO7P,230.03471,8.78
810,phosphoribosylamine M3,C5H12NO7P,231.038065,8.78
811,phosphoribosylamine M4,C5H12NO7P,232.04142,8.78
812,phosphoribosylamine M5,C5H12NO7P,233.044775,8.78
813,dCTP M0,C9H16N3O13P3,465.982,10.46
814,dCTP M1,C9H16N3O13P3,466.985355,10.46
815,dCTP M2,C9H16N3O13P3,467.98871,10.46
816,dCTP M3,C9H16N3O13P3,468.992065,10.46
817,dCTP M4,C9H16N3O13P3,469.99542,10.46
818,dCTP M5,C9H16N3O13P3,470.998775,10.46
819,dCTP M6,C9H16N3O13P3,472.00213,10.46
820,dCTP M7,C9H16N3O13P3,473.005485,10.46
821,dCTP M8,C9H16N3O13P3,474.00884,10.46
822,dCTP M9,C9H16N3O13P3,475.012195,10.46
823,phosphatidylethanolamine M0,C9H18NO8P,298.07,8.66
824,phosphatidylethanolamine M1,C9H18NO8P,299.073355,8.66
825,phosphatidylethanolamine M2,C9H18NO8P,300.07671,8.66
826,phosphatidylethanolamine M3,C9H18NO8P,301.080065,8.66
827,phosphatidylethanolamine M4,C9H18NO8P,302.08342,8.66
828,phosphatidylethanolamine M5,C9H18NO8P,303.086775,8.66
829,phosphatidylethanolamine M6,C9H18NO8P,304.09013,8.66
830,phosphatidylethanolamine M7,C9H18NO8P,305.093485,8.66
831,phosphatidylethanolamine M8,C9H18NO8P,306.09684,8.66
832,phosphatidylethanolamine M9,C9H18NO8P,307.100195,8.66
833,N-acetylglutamate M0,C7H11NO5,188.056,7.73
834,N-acetylglutamate M1,C7H11NO5,189.059355,7.73
835,N-acetylglutamate M2,C7H11NO5,190.06271,7.73
836,N-acetylglutamate M3,C7H11NO5,191.066065,7.73
837,N-acetylglutamate M4,C7H11NO5,192.06942,7.73
838,N-acetylglutamate M5,C7H11NO5,193.072775,7.73
839,N-acetylglutamate M6,C7H11NO5,194.07613,7.73
840,N-acetylglutamate M7,C7H11NO5,195.079485,7.73
841,dTMP M0,C10H15N2O8P,321.049,6.89
842,dTMP M1,C10H15N2O8P,322.052355,6.89
843,dTMP M2,C10H15N2O8P,323.05571,6.89
844,dTMP M3,C10H15N2O8P,324.059065,6.89
845,dTMP M4,C10H15N2O8P,325.06242,6.89
846,dTMP M5,C10H15N2O8P,326.065775,6.89
847,dTMP M6,C10H15N2O8P,327.06913,6.89
848,dTMP M7,C10H15N2O8P,328.072485,6.89
849,dTMP M8,C10H15N2O8P,329.07583999999997,6.89
850,dTMP M9,C10H15N2O8P,330.07919499999997,6.89
851,dTMP M10,C10H15N2O8P,331.08254999999997,6.89
852,dAMP M0,C10H14N5O6P,331.068,7.04
853,dAMP M1,C10H14N5O6P,332.071355,7.04
854,dAMP M2,C10H14N5O6P,333.07471,7.04
855,dAMP M3,C10H14N5O6P,334.078065,7.04
856,dAMP M4,C10H14N5O6P,335.08142,7.04
857,dAMP M5,C10H14N5O6P,336.084775,7.04
858,dAMP M6,C10H14N5O6P,337.08813,7.04
859,dAMP M7,C10H14N5O6P,338.091485,7.04
860,dAMP M8,C10H14N5O6P,339.09484,7.04
861,dAMP M9,C10H14N5O6P,340.098195,7.04
862,dAMP M10,C10H14N5O6P,341.10155,7.04
863,anthranilic acid M0,C7H7NO2,136.04,3.03
864,anthranilic acid M1,C7H7NO2,137.043355,3.03
865,anthranilic acid M2,C7H7NO2,138.04671,3.03
866,anthranilic acid M3,C7H7NO2,139.050065,3.03
867,anthranilic acid M4,C7H7NO2,140.05342,3.03
868,anthranilic acid M5,C7H7NO2,141.056775,3.03
869,anthranilic acid M6,C7H7NO2,142.06013,3.03
870,anthranilic acid M7,C7H7NO2,143.063485,3.03
871,picolinic acid M0,C6H5NO2,122.025,2.69
872,picolinic acid M1,C6H5NO2,123.028355,2.69
873,picolinic acid M2,C6H5NO2,124.03171,2.69
874,picolinic acid M3,C6H5NO2,125.035065,2.69
875,picolinic acid M4,C6H5NO2,126.03842,2.69
876,picolinic acid M5,C6H5NO2,127.041775,2.69
877,picolinic acid M6,C6H5NO2,128.04513,2.69
878,quinolinic acid M0,C7H5NO4,166.015,4.16
879,quinolinic acid M1,C7H5NO4,167.01835499999999,4.16
880,quinolinic acid M2,C7H5NO4,168.02170999999998,4.16
881,quinolinic acid M3,C7H5NO4,169.02506499999998,4.16
882,quinolinic acid M4,C7H5NO4,170.02841999999998,4.16
883,quinolinic acid M5,C7H5NO4,171.03177499999998,4.16
884,quinolinic acid M6,C7H5NO4,172.03512999999998,4.16
885,quinolinic acid M7,C7H5NO4,173.03848499999998,4.16
886,S-(1;2-Dicarboxyethyl)glutathione M0,C14H21N3O10S,422.087,11.27
887,S-(1;2-Dicarboxyethyl)glutathione M1,C14H21N3O10S,423.090355,11.27
888,S-(1;2-Dicarboxyethyl)glutathione M2,C14H21N3O10S,424.09371,11.27
889,S-(1;2-Dicarboxyethyl)glutathione M3,C14H21N3O10S,425.097065,11.27
890,S-(1;2-Dicarboxyethyl)glutathione M4,C14H21N3O10S,426.10042,11.27
891,S-(1;2-Dicarboxyethyl)glutathione M5,C14H21N3O10S,427.103775,11.27
892,S-(1;2-Dicarboxyethyl)glutathione M6,C14H21N3O10S,428.10713,11.27
893,S-(1;2-Dicarboxyethyl)glutathione M7,C14H21N3O10S,429.110485,11.27
894,S-(1;2-Dicarboxyethyl)glutathione M8,C14H21N3O10S,430.11384,11.27
895,S-(1;2-Dicarboxyethyl)glutathione M9,C14H21N3O10S,431.117195,11.27
896,S-(1;2-Dicarboxyethyl)glutathione M10,C14H21N3O10S,432.12055,11.27
897,S-(1;2-Dicarboxyethyl)glutathione M11,C14H21N3O10S,433.123905,11.27
898,S-(1;2-Dicarboxyethyl)glutathione M12,C14H21N3O10S,434.12726,11.27
899,S-(1;2-Dicarboxyethyl)glutathione M13,C14H21N3O10S,435.130615,11.27
900,S-(1;2-Dicarboxyethyl)glutathione M14,C14H21N3O10S,436.13397,11.27
901,S-(2-Succinyl)-L-cysteine M0,C7H11NO6S,236.023,10.13
902,S-(2-Succinyl)-L-cysteine M1,C7H11NO6S,237.026355,10.13
903,S-(2-Succinyl)-L-cysteine M2,C7H11NO6S,238.02971,10.13
904,S-(2-Succinyl)-L-cysteine M3,C7H11NO6S,239.033065,10.13
905,S-(2-Succinyl)-L-cysteine M4,C7H11NO6S,240.03642,10.13
906,S-(2-Succinyl)-L-cysteine M5,C7H11NO6S,241.039775,10.13
907,S-(2-Succinyl)-L-cysteine M6,C7H11NO6S,242.04313,10.13
908,S-(2-Succinyl)-L-cysteine M7,C7H11NO6S,243.046485,10.13
909,FAICAR M0,C10H15N4O9P,365.05,9.04
910,FAICAR M1,C10H15N4O9P,366.053355,9.04
911,FAICAR M2,C10H15N4O9P,367.05671,9.04
912,FAICAR M3,C10H15N4O9P,368.060065,9.04
913,FAICAR M4,C10H15N4O9P,369.06342,9.04
914,FAICAR M5,C10H15N4O9P,370.066775,9.04
915,FAICAR M6,C10H15N4O9P,371.07013,9.04
916,FAICAR M7,C10H15N4O9P,372.073485,9.04
917,FAICAR M8,C10H15N4O9P,373.07684,9.04
918,FAICAR M9,C10H15N4O9P,374.080195,9.04
919,FAICAR M10,C10H15N4O9P,375.08355,9.04
920,AICAR M0,C9H15N4O8P,337.059,8.44
921,AICAR M1,C9H15N4O8P,338.062355,8.44
922,AICAR M2,C9H15N4O8P,339.06571,8.44
923,AICAR M3,C9H15N4O8P,340.069065,8.44
924,AICAR M4,C9H15N4O8P,341.07242,8.44
925,AICAR M5,C9H15N4O8P,342.075775,8.44
926,AICAR M6,C9H15N4O8P,343.07913,8.44
927,AICAR M7,C9H15N4O8P,344.082485,8.44
928,AICAR M8,C9H15N4O8P,345.08584,8.44
929,AICAR M9,C9H15N4O8P,346.089195,8.44
930,SAICAR M0,C13H19N4O12P,453.066,11.93
931,SAICAR M1,C13H19N4O12P,454.069355,11.93
932,SAICAR M2,C13H19N4O12P,455.07271,11.93
933,SAICAR M3,C13H19N4O12P,456.07606499999997,11.93
934,SAICAR M4,C13H19N4O12P,457.07941999999997,11.93
935,SAICAR M5,C13H19N4O12P,458.08277499999997,11.93
936,SAICAR M6,C13H19N4O12P,459.08612999999997,11.93
937,SAICAR M7,C13H19N4O12P,460.08948499999997,11.93
938,SAICAR M8,C13H19N4O12P,461.09283999999997,11.93
939,SAICAR M9,C13H19N4O12P,462.09619499999997,11.93
940,SAICAR M10,C13H19N4O12P,463.09954999999997,11.93
941,SAICAR M11,C13H19N4O12P,464.10290499999996,11.93
942,SAICAR M12,C13H19N4O12P,465.10625999999996,11.93
943,SAICAR M13,C13H19N4O12P,466.10961499999996,11.93
944,CAIR M0,C9H14N3O9P,338.039,7.56
945,CAIR M1,C9H14N3O9P,339.042355,7.56
946,CAIR M2,C9H14N3O9P,340.04571,7.56
947,CAIR M3,C9H14N3O9P,341.049065,7.56
948,CAIR M4,C9H14N3O9P,342.05242,7.56
949,CAIR M5,C9H14N3O9P,343.055775,7.56
950,CAIR M6,C9H14N3O9P,344.05913,7.56
951,CAIR M7,C9H14N3O9P,345.062485,7.56
952,CAIR M8,C9H14N3O9P,346.06584,7.56
953,CAIR M9,C9H14N3O9P,347.069195,7.56
954,FGAM M0,C8H16N3O8P,312.06,9.16
955,FGAM M1,C8H16N3O8P,313.063355,9.16
956,FGAM M2,C8H16N3O8P,314.06671,9.16
957,FGAM M3,C8H16N3O8P,315.070065,9.16
958,FGAM M4,C8H16N3O8P,316.07342,9.16
959,FGAM M5,C8H16N3O8P,317.076775,9.16
960,FGAM M6,C8H16N3O8P,318.08013,9.16
961,FGAM M7,C8H16N3O8P,319.083485,9.16
962,FGAM M8,C8H16N3O8P,320.08684,9.16
963,FGAR M0,C8H15N2O9P,313.044,8.53
964,FGAR M1,C8H15N2O9P,314.047355,8.53
965,FGAR M2,C8H15N2O9P,315.05071,8.53
966,FGAR M3,C8H15N2O9P,316.054065,8.53
967,FGAR M4,C8H15N2O9P,317.05742,8.53
968,FGAR M5,C8H15N2O9P,318.060775,8.53
969,FGAR M6,C8H15N2O9P,319.06413,8.53
970,FGAR M7,C8H15N2O9P,320.067485,8.53
971,FGAR M8,C8H15N2O9P,321.07084,8.53
972,GAR M0,C7H15N2O8P,285.049,9.3
973,GAR M1,C7H15N2O8P,286.052355,9.3
974,GAR M2,C7H15N2O8P,287.05571,9.3
975,GAR M3,C7H15N2O8P,288.059065,9.3
976,GAR M4,C7H15N2O8P,289.06242,9.3
977,GAR M5,C7H15N2O8P,290.065775,9.3
978,GAR M6,C7H15N2O8P,291.06913,9.3
979,GAR M7,C7H15N2O8P,292.072485,9.3
980,PRPP M0,C5H13O14P3,388.944,11.91
981,PRPP M1,C5H13O14P3,389.947355,11.91
982,PRPP M2,C5H13O14P3,390.95071,11.91
983,PRPP M3,C5H13O14P3,391.954065,11.91
984,PRPP M4,C5H13O14P3,392.95742,11.91
985,PRPP M5,C5H13O14P3,393.960775,11.91
986,XMP M0,C10H11N4O9P,363.035,9.73
987,XMP M1,C10H11N4O9P,364.038355,9.73
988,XMP M2,C10H11N4O9P,365.04171,9.73
989,XMP M3,C10H11N4O9P,366.045065,9.73
990,XMP M4,C10H11N4O9P,367.04842,9.73
991,XMP M5,C10H11N4O9P,368.051775,9.73
992,XMP M6,C10H11N4O9P,369.05513,9.73
993,XMP M7,C10H11N4O9P,370.058485,9.73
994,XMP M8,C10H11N4O9P,371.06184,9.73
995,XMP M9,C10H11N4O9P,372.065195,9.73
996,XMP M10,C10H11N4O9P,373.06855,9.73
997,adenylosuccinic acid M0,C14H18N5O11P,462.067,11.14
998,adenylosuccinic acid M1,C14H18N5O11P,463.070355,11.14
999,adenylosuccinic acid M2,C14H18N5O11P,464.07371,11.14
1000,adenylosuccinic acid M3,C14H18N5O11P,465.077065,11.14
1001,adenylosuccinic acid M4,C14H18N5O11P,466.08042,11.14
1002,adenylosuccinic acid M5,C14H18N5O11P,467.083775,11.14
1003,adenylosuccinic acid M6,C14H18N5O11P,468.08713,11.14
1004,adenylosuccinic acid M7,C14H18N5O11P,469.090485,11.14
1005,adenylosuccinic acid M8,C14H18N5O11P,470.09384,11.14
1006,adenylosuccinic acid M9,C14H18N5O11P,471.097195,11.14
1007,adenylosuccinic acid M10,C14H18N5O11P,472.10055,11.14
1008,adenylosuccinic acid M11,C14H18N5O11P,473.103905,11.14
1009,adenylosuccinic acid M12,C14H18N5O11P,474.10726,11.14
1010,adenylosuccinic acid M13,C14H18N5O11P,475.110615,11.14
1011,adenylosuccinic acid M14,C14H18N5O11P,476.11397,11.14
1012,glucose-6-phosphate M0,C6H13O9P,259.022,9.69
1013,glucose-6-phosphate M1,C6H13O9P,260.025355,9.69
1014,glucose-6-phosphate M2,C6H13O9P,261.02871,9.69
1015,glucose-6-phosphate M3,C6H13O9P,262.032065,9.69
1016,glucose-6-phosphate M4,C6H13O9P,263.03542,9.69
1017,glucose-6-phosphate M5,C6H13O9P,264.038775,9.69
1018,glucose-6-phosphate M6,C6H13O9P,265.04213,9.69
1019,fructose-6-phosphate M0,C6H13O9P,259.022,9.04
1020,fructose-6-phosphate M1,C6H13O9P,260.025355,9.04
1021,fructose-6-phosphate M2,C6H13O9P,261.02871,9.04
1022,fructose-6-phosphate M3,C6H13O9P,262.032065,9.04
1023,fructose-6-phosphate M4,C6H13O9P,263.03542,9.04
1024,fructose-6-phosphate M5,C6H13O9P,264.038775,9.04
1025,fructose-6-phosphate M6,C6H13O9P,265.04213,9.04
1026,xylonic acid M0,C5H10O6,165.04,6.92
1027,xylonic acid M1,C5H10O6,166.043355,6.92
1028,xylonic acid M2,C5H10O6,167.04671,6.92
1029,xylonic acid M3,C5H10O6,168.050065,6.92
1030,xylonic acid M4,C5H10O6,169.05342,6.92
1031,xylonic acid M5,C5H10O6,170.056775,6.92
1032,pinitol M0,C7H14O6,193.072,6.8
1033,pinitol M1,C7H14O6,194.075355,6.8
1034,pinitol M2,C7H14O6,195.07871,6.8
1035,pinitol M3,C7H14O6,196.082065,6.8
1036,pinitol M4,C7H14O6,197.08542,6.8
1037,pinitol M5,C7H14O6,198.088775,6.8
1038,pinitol M6,C7H14O6,199.09213,6.8
1039,pinitol M7,C7H14O6,200.095485,6.8
1040,homocysteic acid M0,C4H9NO5S,182.013,9.52
1041,homocysteic acid M1,C4H9NO5S,183.016355,9.52
1042,homocysteic acid M2,C4H9NO5S,184.01971,9.52
1043,homocysteic acid M3,C4H9NO5S,185.023065,9.52
1044,homocysteic acid M4,C4H9NO5S,186.02642,9.52
1045,cholic acid M0,C24H40O5,407.28,2.39
1046,cholic acid M1,C24H40O5,408.283355,2.39
1047,cholic acid M2,C24H40O5,409.28670999999997,2.39
1048,cholic acid M3,C24H40O5,410.29006499999997,2.39
1049,cholic acid M4,C24H40O5,411.29341999999997,2.39
1050,cholic acid M5,C24H40O5,412.29677499999997,2.39
1051,cholic acid M6,C24H40O5,413.30012999999997,2.39
1052,cholic acid M7,C24H40O5,414.30348499999997,2.39
1053,cholic acid M8,C24H40O5,415.30683999999997,2.39
1054,cholic acid M9,C24H40O5,416.31019499999996,2.39
1055,cholic acid M10,C24H40O5,417.31354999999996,2.39
1056,cholic acid M11,C24H40O5,418.31690499999996,2.39
1057,cholic acid M12,C24H40O5,419.32025999999996,2.39
1058,cholic acid M13,C24H40O5,420.32361499999996,2.39
1059,cholic acid M14,C24H40O5,421.32696999999996,2.39
1060,cholic acid M15,C24H40O5,422.33032499999996,2.39
1061,cholic acid M16,C24H40O5,423.33367999999996,2.39
1062,cholic acid M17,C24H40O5,424.33703499999996,2.39
1063,cholic acid M18,C24H40O5,425.34038999999996,2.39
1064,cholic acid M19,C24H40O5,426.34374499999996,2.39
1065,cholic acid M20,C24H40O5,427.34709999999995,2.39
1066,cholic acid M21,C24H40O5,428.35045499999995,2.39
1067,cholic acid M22,C24H40O5,429.35380999999995,2.39
1068,cholic acid M23,C24H40O5,430.35716499999995,2.39
1069,cholic acid M24,C24H40O5,431.36051999999995,2.39
1070,glycocholic acid M0,C26H43NO6,464.302,2.04
1071,glycocholic acid M1,C26H43NO6,465.305355,2.04
1072,glycocholic acid M2,C26H43NO6,466.30871,2.04
1073,glycocholic acid M3,C26H43NO6,467.312065,2.04
1074,glycocholic acid M4,C26H43NO6,468.31542,2.04
1075,glycocholic acid M5,C26H43NO6,469.318775,2.04
1076,glycocholic acid M6,C26H43NO6,470.32213,2.04
1077,glycocholic acid M7,C26H43NO6,471.325485,2.04
1078,glycocholic acid M8,C26H43NO6,472.32884,2.04
1079,glycocholic acid M9,C26H43NO6,473.332195,2.04
1080,glycocholic acid M10,C26H43NO6,474.33555,2.04
1081,glycocholic acid M11,C26H43NO6,475.338905,2.04
1082,glycocholic acid M12,C26H43NO6,476.34226,2.04
1083,glycocholic acid M13,C26H43NO6,477.345615,2.04
1084,glycocholic acid M14,C26H43NO6,478.34897,2.04
1085,glycocholic acid M15,C26H43NO6,479.352325,2.04
1086,glycocholic acid M16,C26H43NO6,480.35568,2.04
1087,glycocholic acid M17,C26H43NO6,481.359035,2.04
1088,glycocholic acid M18,C26H43NO6,482.36239,2.04
1089,glycocholic acid M19,C26H43NO6,483.365745,2.04
1090,glycocholic acid M20,C26H43NO6,484.3691,2.04
1091,glycocholic acid M21,C26H43NO6,485.372455,2.04
1092,glycocholic acid M22,C26H43NO6,486.37581,2.04
1093,glycocholic acid M23,C26H43NO6,487.379165,2.04
1094,glycocholic acid M24,C26H43NO6,488.38252,2.04
1095,glycocholic acid M25,C26H43NO6,489.385875,2.04
1096,glycocholic acid M26,C26H43NO6,490.38923,2.04
1097,taurocholic acid M0,C26H45NO7S,514.284,1.96
1098,taurocholic acid M1,C26H45NO7S,515.287355,1.96
1099,taurocholic acid M2,C26H45NO7S,516.2907100000001,1.96
1100,taurocholic acid M3,C26H45NO7S,517.2940650000002,1.96
1101,taurocholic acid M4,C26H45NO7S,518.2974200000002,1.96
1102,taurocholic acid M5,C26H45NO7S,519.3007750000003,1.96
1103,taurocholic acid M6,C26H45NO7S,520.3041300000003,1.96
1104,taurocholic acid M7,C26H45NO7S,521.3074850000004,1.96
1105,taurocholic acid M8,C26H45NO7S,522.3108400000004,1.96
1106,taurocholic acid M9,C26H45NO7S,523.3141950000005,1.96
1107,taurocholic acid M10,C26H45NO7S,524.3175500000006,1.96
1108,taurocholic acid M11,C26H45NO7S,525.3209050000006,1.96
1109,taurocholic acid M12,C26H45NO7S,526.3242600000007,1.96
1110,taurocholic acid M13,C26H45NO7S,527.3276150000007,1.96
1111,taurocholic acid M14,C26H45NO7S,528.3309700000008,1.96
1112,taurocholic acid M15,C26H45NO7S,529.3343250000008,1.96
1113,taurocholic acid M16,C26H45NO7S,530.3376800000009,1.96
1114,taurocholic acid M17,C26H45NO7S,531.3410350000009,1.96
1115,taurocholic acid M18,C26H45NO7S,532.344390000001,1.96
1116,taurocholic acid M19,C26H45NO7S,533.347745000001,1.96
1117,taurocholic acid M20,C26H45NO7S,534.3511000000011,1.96
1118,taurocholic acid M21,C26H45NO7S,535.3544550000012,1.96
1119,taurocholic acid M22,C26H45NO7S,536.3578100000012,1.96
1120,taurocholic acid M23,C26H45NO7S,537.3611650000013,1.96
1121,taurocholic acid M24,C26H45NO7S,538.3645200000013,1.96
1122,taurocholic acid M25,C26H45NO7S,539.3678750000014,1.96
1123,taurocholic acid M26,C26H45NO7S,540.3712300000014,1.96
1124,deoxycholic acid M0,C24H40O4,391.285,1.96
1125,deoxycholic acid M1,C24H40O4,392.288355,1.96
1126,deoxycholic acid M2,C24H40O4,393.29171,1.96
1127,deoxycholic acid M3,C24H40O4,394.295065,1.96
1128,deoxycholic acid M4,C24H40O4,395.29842,1.96
1129,deoxycholic acid M5,C24H40O4,396.301775,1.96
1130,deoxycholic acid M6,C24H40O4,397.30513,1.96
1131,deoxycholic acid M7,C24H40O4,398.308485,1.96
1132,deoxycholic acid M8,C24H40O4,399.31184,1.96
1133,deoxycholic acid M9,C24H40O4,400.315195,1.96
1134,deoxycholic acid M10,C24H40O4,401.31855,1.96
1135,deoxycholic acid M11,C24H40O4,402.321905,1.96
1136,deoxycholic acid M12,C24H40O4,403.32526,1.96
1137,deoxycholic acid M13,C24H40O4,404.328615,1.96
1138,deoxycholic acid M14,C24H40O4,405.33197,1.96
1139,deoxycholic acid M15,C24H40O4,406.335325,1.96
1140,deoxycholic acid M16,C24H40O4,407.33868,1.96
1141,deoxycholic acid M17,C24H40O4,408.342035,1.96
1142,deoxycholic acid M18,C24H40O4,409.34539,1.96
1143,deoxycholic acid M19,C24H40O4,410.348745,1.96
1144,deoxycholic acid M20,C24H40O4,411.3521,1.96
1145,deoxycholic acid M21,C24H40O4,412.355455,1.96
1146,deoxycholic acid M22,C24H40O4,413.35881,1.96
1147,deoxycholic acid M23,C24H40O4,414.362165,1.96
1148,deoxycholic acid M24,C24H40O4,415.36552,1.96
1149,lithocholic acid M0,C24H40O3,375.29,1.88
1150,lithocholic acid M1,C24H40O3,376.293355,1.88
1151,lithocholic acid M2,C24H40O3,377.29671,1.88
1152,lithocholic acid M3,C24H40O3,378.300065,1.88
1153,lithocholic acid M4,C24H40O3,379.30342,1.88
1154,lithocholic acid M5,C24H40O3,380.306775,1.88
1155,lithocholic acid M6,C24H40O3,381.31013,1.88
1156,lithocholic acid M7,C24H40O3,382.313485,1.88
1157,lithocholic acid M8,C24H40O3,383.31684,1.88
1158,lithocholic acid M9,C24H40O3,384.320195,1.88
1159,lithocholic acid M10,C24H40O3,385.32355,1.88
1160,lithocholic acid M11,C24H40O3,386.326905,1.88
1161,lithocholic acid M12,C24H40O3,387.33026,1.88
1162,lithocholic acid M13,C24H40O3,388.333615,1.88
1163,lithocholic acid M14,C24H40O3,389.33697,1.88
1164,lithocholic acid M15,C24H40O3,390.340325,1.88
1165,lithocholic acid M16,C24H40O3,391.34368,1.88
1166,lithocholic acid M17,C24H40O3,392.347035,1.88
1167,lithocholic acid M18,C24H40O3,393.35039,1.88
1168,lithocholic acid M19,C24H40O3,394.353745,1.88
1169,lithocholic acid M20,C24H40O3,395.3571,1.88
1170,lithocholic acid M21,C24H40O3,396.360455,1.88
1171,lithocholic acid M22,C24H40O3,397.36381,1.88
1172,lithocholic acid M23,C24H40O3,398.367165,1.88
1173,lithocholic acid M24,C24H40O3,399.37052,1.88
1174,propionic acid M0,C3H6O2,73.0295,3.59
1175,propionic acid M1,C3H6O2,74.032855,3.59
1176,propionic acid M2,C3H6O2,75.03621,3.59
1177,propionic acid M3,C3H6O2,76.039565,3.59
1178,butyric acid M0,C4H8O2,87.0452,2.96
1179,butyric acid M1,C4H8O2,88.048555,2.96
1180,butyric acid M2,C4H8O2,89.05190999999999,2.96
1181,butyric acid M3,C4H8O2,90.05526499999999,2.96
1182,butyric acid M4,C4H8O2,91.05861999999999,2.96
1183,valeric acid isomers M0,C5H10O2,101.061,2.35
1184,valeric acid isomers M1,C5H10O2,102.064355,2.35
1185,valeric acid isomers M2,C5H10O2,103.06771,2.35
1186,valeric acid isomers M3,C5H10O2,104.071065,2.35
1187,valeric acid isomers M4,C5H10O2,105.07442,2.35
1188,valeric acid isomers M5,C5H10O2,106.077775,2.35
1189,caproic acid M0,C6H12O2,115.076,2.05
1190,caproic acid M1,C6H12O2,116.07935499999999,2.05
1191,caproic acid M2,C6H12O2,117.08270999999999,2.05
1192,caproic acid M3,C6H12O2,118.08606499999999,2.05
1193,caproic acid M4,C6H12O2,119.08941999999999,2.05
1194,caproic acid M5,C6H12O2,120.09277499999999,2.05
1195,caproic acid M6,C6H12O2,121.09612999999999,2.05
1196,mycophenolic acid M0,C17H20O6,319.119,1.97
1197,mycophenolic acid M1,C17H20O6,320.122355,1.97
1198,mycophenolic acid M2,C17H20O6,321.12571,1.97
1199,mycophenolic acid M3,C17H20O6,322.129065,1.97
1200,mycophenolic acid M4,C17H20O6,323.13242,1.97
1201,mycophenolic acid M5,C17H20O6,324.135775,1.97
1202,mycophenolic acid M6,C17H20O6,325.13913,1.97
1203,mycophenolic acid M7,C17H20O6,326.142485,1.97
1204,mycophenolic acid M8,C17H20O6,327.14584,1.97
1205,mycophenolic acid M9,C17H20O6,328.149195,1.97
1206,mycophenolic acid M10,C17H20O6,329.15255,1.97
1207,mycophenolic acid M11,C17H20O6,330.155905,1.97
1208,mycophenolic acid M12,C17H20O6,331.15926,1.97
1209,mycophenolic acid M13,C17H20O6,332.162615,1.97
1210,mycophenolic acid M14,C17H20O6,333.16597,1.97
1211,mycophenolic acid M15,C17H20O6,334.169325,1.97
1212,mycophenolic acid M16,C17H20O6,335.17268,1.97
1213,mycophenolic acid M17,C17H20O6,336.176035,1.97
1214,xanthine M0,C5H4N4O2,151.026,5.55
1215,xanthine M1,C5H4N4O2,152.029355,5.55
1216,xanthine M2,C5H4N4O2,153.03271,5.55
1217,xanthine M3,C5H4N4O2,154.036065,5.55
1218,xanthine M4,C5H4N4O2,155.03942,5.55
1219,xanthine M5,C5H4N4O2,156.042775,5.55
1220,thymidine M0,C10H14N2O5,241.083,2.6
1221,thymidine M1,C10H14N2O5,242.086355,2.6
1222,thymidine M2,C10H14N2O5,243.08971,2.6
1223,thymidine M3,C10H14N2O5,244.093065,2.6
1224,thymidine M4,C10H14N2O5,245.09642,2.6
1225,thymidine M5,C10H14N2O5,246.099775,2.6
1226,thymidine M6,C10H14N2O5,247.10313,2.6
1227,thymidine M7,C10H14N2O5,248.106485,2.6
1228,thymidine M8,C10H14N2O5,249.10984,2.6
1229,thymidine M9,C10H14N2O5,250.113195,2.6
1230,thymidine M10,C10H14N2O5,251.11655,2.6
1231,uracil M0,C4H4N2O2,111.02,3.4
1232,uracil M1,C4H4N2O2,112.023355,3.4
1233,uracil M2,C4H4N2O2,113.02671,3.4
1234,uracil M3,C4H4N2O2,114.030065,3.4
1235,uracil M4,C4H4N2O2,115.03341999999999,3.4
1236,thymine M0,C5H6N2O2,125.036,2.52
1237,thymine M1,C5H6N2O2,126.039355,2.52
1238,thymine M2,C5H6N2O2,127.04271,2.52
1239,thymine M3,C5H6N2O2,128.046065,2.52
1240,thymine M4,C5H6N2O2,129.04942,2.52
1241,thymine M5,C5H6N2O2,130.052775,2.52
1242,3-methyl-2-oxobutyrate M0,C5H8O3,115.04,2.21
1243,3-methyl-2-oxobutyrate M1,C5H8O3,116.043355,2.21
1244,3-methyl-2-oxobutyrate M2,C5H8O3,117.04671,2.21
1245,3-methyl-2-oxobutyrate M3,C5H8O3,118.050065,2.21
1246,3-methyl-2-oxobutyrate M4,C5H8O3,119.05342,2.21
1247,3-methyl-2-oxobutyrate M5,C5H8O3,120.056775,2.21
1248,uridine M0,C9H12N2O6,243.062,4.16
1249,uridine M1,C9H12N2O6,244.065355,4.16
1250,uridine M2,C9H12N2O6,245.06871,4.16
1251,uridine M3,C9H12N2O6,246.072065,4.16
1252,uridine M4,C9H12N2O6,247.07542,4.16
1253,uridine M5,C9H12N2O6,248.078775,4.16
1254,uridine M6,C9H12N2O6,249.08213,4.16
1255,uridine M7,C9H12N2O6,250.085485,4.16
1256,uridine M8,C9H12N2O6,251.08884,4.16
1257,uridine M9,C9H12N2O6,252.092195,4.16
1258,deoxyinosine M0,C10H12N4O4,251.079,3.65
1259,deoxyinosine M1,C10H12N4O4,252.082355,3.65
1260,deoxyinosine M2,C10H12N4O4,253.08571,3.65
1261,deoxyinosine M3,C10H12N4O4,254.089065,3.65
1262,deoxyinosine M4,C10H12N4O4,255.09242,3.65
1263,deoxyinosine M5,C10H12N4O4,256.095775,3.65
1264,deoxyinosine M6,C10H12N4O4,257.09913,3.65
1265,deoxyinosine M7,C10H12N4O4,258.102485,3.65
1266,deoxyinosine M8,C10H12N4O4,259.10584,3.65
1267,deoxyinosine M9,C10H12N4O4,260.109195,3.65
1268,deoxyinosine M10,C10H12N4O4,261.11255,3.65
1269,indole-3-acetate M0,C10H9NO2,174.056,4.19
1270,indole-3-acetate M1,C10H9NO2,175.059355,4.19
1271,indole-3-acetate M2,C10H9NO2,176.06271,4.19
1272,indole-3-acetate M3,C10H9NO2,177.066065,4.19
1273,indole-3-acetate M4,C10H9NO2,178.06942,4.19
1274,indole-3-acetate M5,C10H9NO2,179.072775,4.19
1275,indole-3-acetate M6,C10H9NO2,180.07613,4.19
1276,indole-3-acetate M7,C10H9NO2,181.079485,4.19
1277,indole-3-acetate M8,C10H9NO2,182.08284,4.19
1278,indole-3-acetate M9,C10H9NO2,183.086195,4.19
1279,indole-3-acetate M10,C10H9NO2,184.08955,4.19
1280,indole-3-carboxyaldehyde M0,C9H7NO,144.046,2.23
1281,indole-3-carboxyaldehyde M1,C9H7NO,145.049355,2.23
1282,indole-3-carboxyaldehyde M2,C9H7NO,146.05271,2.23
1283,indole-3-carboxyaldehyde M3,C9H7NO,147.056065,2.23
1284,indole-3-carboxyaldehyde M4,C9H7NO,148.05942,2.23
1285,indole-3-carboxyaldehyde M5,C9H7NO,149.062775,2.23
1286,indole-3-carboxyaldehyde M6,C9H7NO,150.06613,2.23
1287,indole-3-carboxyaldehyde M7,C9H7NO,151.069485,2.23
1288,indole-3-carboxyaldehyde M8,C9H7NO,152.07283999999999,2.23
1289,indole-3-carboxyaldehyde M9,C9H7NO,153.07619499999998,2.23
1290,indole-3-propionate M0,C11H11NO2,188.072,2.81
1291,indole-3-propionate M1,C11H11NO2,189.075355,2.81
1292,indole-3-propionate M2,C11H11NO2,190.07871,2.81
1293,indole-3-propionate M3,C11H11NO2,191.082065,2.81
1294,indole-3-propionate M4,C11H11NO2,192.08542,2.81
1295,indole-3-propionate M5,C11H11NO2,193.088775,2.81
1296,indole-3-propionate M6,C11H11NO2,194.09213,2.81
1297,indole-3-propionate M7,C11H11NO2,195.095485,2.81
1298,indole-3-propionate M8,C11H11NO2,196.09884,2.81
1299,indole-3-propionate M9,C11H11NO2,197.102195,2.81
1300,indole-3-propionate M10,C11H11NO2,198.10555,2.81
1301,indole-3-propionate M11,C11H11NO2,199.108905,2.81
1302,3-methylindole M0,C9H9N,130.066,2.05
1303,3-methylindole M1,C9H9N,131.069355,2.05
1304,3-methylindole M2,C9H9N,132.07271,2.05
1305,3-methylindole M3,C9H9N,133.076065,2.05
1306,3-methylindole M4,C9H9N,134.07942,2.05
1307,3-methylindole M5,C9H9N,135.082775,2.05
1308,3-methylindole M6,C9H9N,136.08613,2.05
1309,3-methylindole M7,C9H9N,137.089485,2.05
1310,3-methylindole M8,C9H9N,138.09284,2.05
1311,3-methylindole M9,C9H9N,139.096195,2.05
1312,indole-3-carboxylic acid M0,C9H7NO2,160.04,4.17
1313,indole-3-carboxylic acid M1,C9H7NO2,161.043355,4.17
1314,indole-3-carboxylic acid M2,C9H7NO2,162.04671,4.17
1315,indole-3-carboxylic acid M3,C9H7NO2,163.050065,4.17
1316,indole-3-carboxylic acid M4,C9H7NO2,164.05342,4.17
1317,indole-3-carboxylic acid M5,C9H7NO2,165.056775,4.17
1318,indole-3-carboxylic acid M6,C9H7NO2,166.06013,4.17
1319,indole-3-carboxylic acid M7,C9H7NO2,167.063485,4.17
1320,indole-3-carboxylic acid M8,C9H7NO2,168.06683999999998,4.17
1321,indole-3-carboxylic acid M9,C9H7NO2,169.07019499999998,4.17
1322,indoxyl sulfate M0,C8H7NO4S,212.002,3.61
1323,indoxyl sulfate M1,C8H7NO4S,213.005355,3.61
1324,indoxyl sulfate M2,C8H7NO4S,214.00871,3.61
1325,indoxyl sulfate M3,C8H7NO4S,215.012065,3.61
1326,indoxyl sulfate M4,C8H7NO4S,216.01542,3.61
1327,indoxyl sulfate M5,C8H7NO4S,217.018775,3.61
1328,indoxyl sulfate M6,C8H7NO4S,218.02213,3.61
1329,indoxyl sulfate M7,C8H7NO4S,219.025485,3.61
1330,indoxyl sulfate M8,C8H7NO4S,220.02884,3.61
1331,tryptophol M0,C10H11NO,160.077,2.16
1332,tryptophol M1,C10H11NO,161.080355,2.16
1333,tryptophol M2,C10H11NO,162.08371,2.16
1334,tryptophol M3,C10H11NO,163.087065,2.16
1335,tryptophol M4,C10H11NO,164.09042,2.16
1336,tryptophol M5,C10H11NO,165.093775,2.16
1337,tryptophol M6,C10H11NO,166.09713,2.16
1338,tryptophol M7,C10H11NO,167.100485,2.16
1339,tryptophol M8,C10H11NO,168.10384,2.16
1340,tryptophol M9,C10H11NO,169.107195,2.16
1341,tryptophol M10,C10H11NO,170.11055,2.16
1342,3-hydroxybutyrate M0,C4H8O3,103.04,4.64
1343,3-hydroxybutyrate M1,C4H8O3,104.043355,4.64
1344,3-hydroxybutyrate M2,C4H8O3,105.04671,4.64
1345,3-hydroxybutyrate M3,C4H8O3,106.050065,4.64
1346,3-hydroxybutyrate M4,C4H8O3,107.05342,4.64
1347,FICZ M0,C19H12N2O,283.088,2.49
1348,FICZ M1,C19H12N2O,284.091355,2.49
1349,FICZ M2,C19H12N2O,285.09471,2.49
1350,FICZ M3,C19H12N2O,286.098065,2.49
1351,FICZ M4,C19H12N2O,287.10142,2.49
1352,FICZ M5,C19H12N2O,288.104775,2.49
1353,FICZ M6,C19H12N2O,289.10813,2.49
1354,FICZ M7,C19H12N2O,290.111485,2.49
1355,FICZ M8,C19H12N2O,291.11484,2.49
1356,FICZ M9,C19H12N2O,292.118195,2.49
1357,FICZ M10,C19H12N2O,293.12155,2.49
1358,FICZ M11,C19H12N2O,294.124905,2.49
1359,FICZ M12,C19H12N2O,295.12826,2.49
1360,FICZ M13,C19H12N2O,296.131615,2.49
1361,FICZ M14,C19H12N2O,297.13497,2.49
1362,FICZ M15,C19H12N2O,298.138325,2.49
1363,FICZ M16,C19H12N2O,299.14168,2.49
1364,FICZ M17,C19H12N2O,300.145035,2.49
1365,FICZ M18,C19H12N2O,301.14839,2.49
1366,FICZ M19,C19H12N2O,302.151745,2.49
1367,indoxyl glucuronide M0,C14H15NO7,308.078,5.2
1368,indoxyl glucuronide M1,C14H15NO7,309.081355,5.2
1369,indoxyl glucuronide M2,C14H15NO7,310.08471,5.2
1370,indoxyl glucuronide M3,C14H15NO7,311.088065,5.2
1371,indoxyl glucuronide M4,C14H15NO7,312.09141999999997,5.2
1372,indoxyl glucuronide M5,C14H15NO7,313.09477499999997,5.2
1373,indoxyl glucuronide M6,C14H15NO7,314.09812999999997,5.2
1374,indoxyl glucuronide M7,C14H15NO7,315.10148499999997,5.2
1375,indoxyl glucuronide M8,C14H15NO7,316.10483999999997,5.2
1376,indoxyl glucuronide M9,C14H15NO7,317.10819499999997,5.2
1377,indoxyl glucuronide M10,C14H15NO7,318.11154999999997,5.2
1378,indoxyl glucuronide M11,C14H15NO7,319.11490499999996,5.2
1379,indoxyl glucuronide M12,C14H15NO7,320.11825999999996,5.2
1380,indoxyl glucuronide M13,C14H15NO7,321.12161499999996,5.2
1381,indoxyl glucuronide M14,C14H15NO7,322.12496999999996,5.2
1382,3-hydroxyanthranilic acid M0,C7H7NO3,152.035,5.29
1383,3-hydroxyanthranilic acid M1,C7H7NO3,153.038355,5.29
1384,3-hydroxyanthranilic acid M2,C7H7NO3,154.04171,5.29
1385,3-hydroxyanthranilic acid M3,C7H7NO3,155.045065,5.29
1386,3-hydroxyanthranilic acid M4,C7H7NO3,156.04842,5.29
1387,3-hydroxyanthranilic acid M5,C7H7NO3,157.051775,5.29
1388,3-hydroxyanthranilic acid M6,C7H7NO3,158.05513,5.29
1389,3-hydroxyanthranilic acid M7,C7H7NO3,159.058485,5.29
1390,3-indoleacrylic acid M0,C11H9NO2,186.056,3.06
1391,3-indoleacrylic acid M1,C11H9NO2,187.059355,3.06
1392,3-indoleacrylic acid M2,C11H9NO2,188.06271,3.06
1393,3-indoleacrylic acid M3,C11H9NO2,189.066065,3.06
1394,3-indoleacrylic acid M4,C11H9NO2,190.06942,3.06
1395,3-indoleacrylic acid M5,C11H9NO2,191.072775,3.06
1396,3-indoleacrylic acid M6,C11H9NO2,192.07613,3.06
1397,3-indoleacrylic acid M7,C11H9NO2,193.079485,3.06
1398,3-indoleacrylic acid M8,C11H9NO2,194.08284,3.06
1399,3-indoleacrylic acid M9,C11H9NO2,195.086195,3.06
1400,3-indoleacrylic acid M10,C11H9NO2,196.08955,3.06
1401,3-indoleacrylic acid M11,C11H9NO2,197.092905,3.06
1402,cinnabarinic acid M0,C14H8N2O6,301.046,2.57
1403,cinnabarinic acid M1,C14H8N2O6,302.049355,2.57
1404,cinnabarinic acid M2,C14H8N2O6,303.05271,2.57
1405,cinnabarinic acid M3,C14H8N2O6,304.056065,2.57
1406,cinnabarinic acid M4,C14H8N2O6,305.05942,2.57
1407,cinnabarinic acid M5,C14H8N2O6,306.062775,2.57
1408,cinnabarinic acid M6,C14H8N2O6,307.06613,2.57
1409,cinnabarinic acid M7,C14H8N2O6,308.069485,2.57
1410,cinnabarinic acid M8,C14H8N2O6,309.07284,2.57
1411,cinnabarinic acid M9,C14H8N2O6,310.076195,2.57
1412,cinnabarinic acid M10,C14H8N2O6,311.07955,2.57
1413,cinnabarinic acid M11,C14H8N2O6,312.082905,2.57
1414,cinnabarinic acid M12,C14H8N2O6,313.08626,2.57
1415,cinnabarinic acid M13,C14H8N2O6,314.089615,2.57
1416,cinnabarinic acid M14,C14H8N2O6,315.09297,2.57
1417,indole-3-lactic acid M0,C11H11NO3,206.081,3.21
1418,indole-3-lactic acid M1,C11H11NO3,207.084355,3.21
1419,indole-3-lactic acid M2,C11H11NO3,208.08771,3.21
1420,indole-3-lactic acid M3,C11H11NO3,209.091065,3.21
1421,indole-3-lactic acid M4,C11H11NO3,210.09441999999999,3.21
1422,indole-3-lactic acid M5,C11H11NO3,211.09777499999998,3.21
1423,indole-3-lactic acid M6,C11H11NO3,212.10112999999998,3.21
1424,indole-3-lactic acid M7,C11H11NO3,213.10448499999998,3.21
1425,indole-3-lactic acid M8,C11H11NO3,214.10783999999998,3.21
1426,indole-3-lactic acid M9,C11H11NO3,215.11119499999998,3.21
1427,indole-3-lactic acid M10,C11H11NO3,216.11454999999998,3.21
1428,indole-3-lactic acid M11,C11H11NO3,217.11790499999998,3.21
1429,allopurinol M0,C5H4N4O,135.031,3.39
1430,allopurinol M1,C5H4N4O,136.034355,3.39
1431,allopurinol M2,C5H4N4O,137.03771,3.39
1432,allopurinol M3,C5H4N4O,138.041065,3.39
1433,allopurinol M4,C5H4N4O,139.04442,3.39
1434,allopurinol M5,C5H4N4O,140.047775,3.39